"Name","Team","FB%","FBv","SL%","SLv","CT%","CTv","CB%","CBv","CH%","CHv","SF%","SFv","KN%","KNv","XX%","playerid"
"Aroldis Chapman","- - -","77.8 %","99.9","16.4 %","87.4","","","","","5.8 %","88.2","","","","","0.2 %","10233"
"Arquimedes Caminero","- - -","66.7 %","97.9","","","22.5 %","91.6","0.2 %","78.8","","","10.6 %","90.0","","","0.7 %","8992"
"Kelvin Herrera","Royals","67.9 %","97.6","10.3 %","84.3","","","3.3 %","80.8","18.5 %","89.2","","","","","0.1 %","6033"
"Noah Syndergaard","Mets","59.5 %","97.6","13.2 %","90.9","","","14.3 %","81.4","13.0 %","89.1","0.0 %","92.0","","","0.4 %","11762"
"Brian Ellington","Marlins","76.4 %","97.5","","","","","18.5 %","83.9","5.1 %","87.8","","","","","1.4 %","17233"
"Trevor Rosenthal","Cardinals","76.2 %","97.5","","","7.0 %","86.8","1.8 %","80.9","15.1 %","87.6","","","","","0.6 %","10745"
"Arodys Vizcaino","Braves","64.0 %","97.5","","","","","34.9 %","85.0","1.1 %","89.1","","","","","1.4 %","5498"
"Craig Kimbrel","- - -","69.1 %","97.4","","","","","30.8 %","86.7","0.1 %","92.0","","","","","0.2 %","6655"
"Bruce Rondon","Tigers","60.0 %","97.4","35.1 %","86.4","","","","","4.9 %","89.6","","","","","0.9 %","5766"
"Dellin Betances","Yankees","46.1 %","97.3","53.9 %","84.1","","","","","","","","","","","0.2 %","6216"
"Edwin Diaz","Mariners","66.7 %","97.2","33.2 %","86.9","","","","","0.1 %","89.0","","","","","0.7 %","14710"
"Carlos Estevez","Rockies","71.2 %","97.1","19.6 %","85.9","","","","","9.2 %","89.3","","","","","1.5 %","14542"
"Matt Bush","Rangers","69.9 %","97.1","12.8 %","91.4","","","17.1 %","80.5","0.2 %","90.5","","","","","0.1 %","1246"
"Nate Jones","White Sox","59.9 %","97.0","38.9 %","88.5","","","0.5 %","80.4","0.8 %","88.3","","","","","1.1 %","4696"
"Nathan Eovaldi","Yankees","48.0 %","96.9","20.5 %","85.0","3.2 %","93.1","6.9 %","75.3","11.4 %","88.1","10.0 %","88.5","","","0.2 %","9132"
"Ken Giles","- - -","56.3 %","96.9","43.7 %","86.0","","","","","","","","","","","0.5 %","12910"
"Pedro Baez","Dodgers","74.4 %","96.8","13.9 %","88.1","","","","","11.8 %","87.2","","","","","0.2 %","5420"
"Hunter Strickland","Giants","72.2 %","96.7","24.0 %","84.4","","","0.4 %","81.3","3.4 %","88.4","","","","","1.1 %","7836"
"Jumbo Diaz","- - -","68.6 %","96.7","25.7 %","86.3","","","","","","","5.7 %","89.6","","","1.0 %","3397"
"Jeurys Familia","Mets","74.1 %","96.7","20.9 %","88.0","","","","","","","5.0 %","93.5","","","1.1 %","5114"
"Austin Adams","Indians","69.0 %","96.6","22.7 %","86.6","","","","","8.3 %","89.2","","","","","0.5 %","7411"
"Tommy Kahnle","- - -","65.3 %","96.5","6.1 %","84.9","","","","","28.7 %","88.1","","","","","1.2 %","11384"
"Enny Romero","- - -","64.2 %","96.3","11.2 %","83.8","24.4 %","89.0","","","0.2 %","86.0","","","","","0.3 %","4001"
"Yordano Ventura","Royals","57.1 %","96.2","","","1.8 %","91.8","24.7 %","83.5","16.4 %","86.6","","","","","0.1 %","11855"
"JC Ramirez","- - -","65.3 %","96.2","29.4 %","87.3","","","3.4 %","79.5","","","1.9 %","88.1","","","1.1 %","8302"
"Hector Rondon","Cubs","60.8 %","96.1","35.3 %","85.7","1.4 %","92.5","","","2.5 %","90.2","","","","","0.4 %","2391"
"Zach Britton","Orioles","91.7 %","96.1","8.4 %","82.8","","","","","","","","","","","0.6 %","3240"
"Blake Wood","Reds","54.2 %","96.0","37.7 %","90.0","","","","","8.1 %","86.4","","","","","1.2 %","1345"
"Trevor Gott","- - -","83.0 %","96.0","","","","","15.3 %","80.5","1.7 %","88.4","","","","","1.7 %","15046"
"Luis Severino","Yankees","54.6 %","96.0","34.0 %","88.5","","","","","11.4 %","88.3","","","","","0.2 %","15890"
"Matt Barnes","Red Sox","63.3 %","96.0","4.6 %","88.5","","","23.9 %","81.9","8.2 %","87.0","","","","","0.1 %","12863"
"Bo Schultz","Blue Jays","63.4 %","95.9","12.2 %","85.8","23.5 %","91.3","","","1.0 %","87.6","","","","","","5028"
"Blake Treinen","Nationals","69.5 %","95.9","29.3 %","86.9","","","","","1.2 %","88.1","","","","","2.0 %","12572"
"John Axford","- - -","71.4 %","95.9","14.2 %","90.5","","","13.5 %","78.6","1.0 %","87.0","","","","","0.7 %","9059"
"Jake Diekman","- - -","72.6 %","95.9","24.8 %","84.9","","","","","2.6 %","88.4","","","","","0.2 %","5003"
"Daniel Hudson","- - -","61.2 %","95.8","16.7 %","86.5","","","","","22.2 %","85.0","","","","","0.7 %","7146"
"Joe Kelly","Red Sox","64.9 %","95.8","15.3 %","86.7","","","10.7 %","80.7","9.2 %","85.0","","","","","","9761"
"Luis Garcia","Phillies","59.0 %","95.8","39.8 %","85.0","","","","","1.2 %","87.8","","","","","2.1 %","6984"
"James Paxton","Mariners","65.6 %","95.8","","","11.2 %","89.6","14.8 %","81.4","8.4 %","87.2","","","","","0.3 %","11828"
"Enrique Burgos","Diamondbacks","56.2 %","95.8","41.8 %","87.7","","","","","","","2.0 %","86.1","","","1.6 %","3895"
"Chris Hatcher","Dodgers","58.8 %","95.8","18.1 %","85.5","4.9 %","91.6","","","18.1 %","87.3","","","","","1.2 %","3299"
"Felipe Rivero","- - -","65.9 %","95.7","16.9 %","82.0","","","0.9 %","80.0","16.4 %","87.6","","","","","0.9 %","12076"
"Jose Ramirez","- - -","63.9 %","95.7","24.1 %","86.9","","","","","12.0 %","86.3","","","","","2.3 %","10171"
"Bryan Mitchell","Yankees","50.4 %","95.7","","","21.5 %","91.5","25.5 %","82.2","2.6 %","88.1","","","","","0.7 %","11479"
"Keone Kela","Rangers","60.6 %","95.7","","","","","32.8 %","84.1","6.6 %","89.5","","","","","0.1 %","14696"
"Tommy Hunter","- - -","61.5 %","95.6","","","13.9 %","90.8","24.6 %","84.1","","","","","","","1.0 %","1157"
"Roberto Osuna","Blue Jays","68.7 %","95.6","18.3 %","86.9","2.6 %","90.9","","","10.4 %","82.7","","","","","0.9 %","13764"
"Neftali Feliz","- - -","66.0 %","95.6","25.9 %","83.9","0.3 %","91.0","","","7.8 %","88.0","","","","","1.3 %","18"
"Gerrit Cole","Pirates","66.1 %","95.6","19.9 %","87.4","","","8.8 %","81.4","5.2 %","88.4","","","","","0.3 %","13125"
"Josh Osich","Giants","57.6 %","95.6","","","28.7 %","91.0","1.3 %","81.0","12.5 %","85.4","","","","","0.3 %","11528"
"Garrett Richards","Angels","61.3 %","95.5","31.8 %","87.5","","","5.4 %","79.5","1.5 %","87.9","","","","","0.3 %","9784"
"Kyle Barraclough","Marlins","56.3 %","95.5","40.6 %","82.4","","","","","3.1 %","89.5","","","","","0.7 %","13713"
"Sam Dyson","- - -","72.6 %","95.5","10.2 %","85.0","","","","","17.2 %","88.8","","","","","0.3 %","11710"
"Wade Davis","- - -","50.9 %","95.5","","","29.7 %","92.2","19.3 %","84.0","0.1 %","90.0","","","","","0.3 %","7441"
"Carlos Martinez","Cardinals","57.3 %","95.5","22.0 %","85.4","","","2.8 %","81.5","17.9 %","86.9","","","","","0.6 %","11682"
"Hansel Robles","Mets","66.7 %","95.4","25.6 %","85.9","","","","","7.8 %","88.6","","","","","0.8 %","11801"
"Brandon Maurer","Padres","50.0 %","95.4","20.2 %","84.9","15.7 %","88.3","","","14.1 %","85.6","","","","","1.2 %","4878"
"Jose Fernandez","Marlins","54.2 %","95.4","27.0 %","83.9","","","6.3 %","82.6","12.6 %","88.3","","","","","0.6 %","11530"
"Matt Harvey","Mets","60.4 %","95.2","16.1 %","89.2","","","11.2 %","83.3","12.3 %","87.6","","","","","0.3 %","11713"
"Justin Wilson","- - -","72.3 %","95.2","0.1 %","87.0","21.6 %","90.5","5.9 %","83.0","0.2 %","89.3","","","","","0.4 %","4301"
"Corey Knebel","Brewers","70.0 %","95.2","","","","","30.0 %","80.7","0.1 %","86.0","","","","","0.8 %","15010"
"Stephen Strasburg","Nationals","59.6 %","95.2","9.2 %","89.3","","","17.2 %","81.7","14.0 %","88.7","","","","","0.1 %","10131"
"Jeremy Jeffress","- - -","76.9 %","95.1","","","","","20.3 %","80.3","2.8 %","89.1","","","","","1.5 %","9490"
"Mike Foltynewicz","Braves","65.1 %","95.1","18.3 %","84.8","","","10.3 %","77.3","6.2 %","85.0","","","","","0.2 %","10811"
"Pedro Strop","Cubs","47.2 %","95.0","49.5 %","83.1","","","","","","","3.4 %","88.0","","","1.3 %","4070"
"Ryan Tepera","Blue Jays","45.6 %","95.0","8.7 %","84.6","41.7 %","89.2","","","4.1 %","87.9","","","","","0.9 %","10291"
"Jon Gray","Rockies","57.4 %","95.0","24.9 %","88.4","","","9.0 %","78.0","8.7 %","85.3","","","","","0.3 %","14916"
"Edubray Ramos","Phillies","53.5 %","95.0","45.3 %","81.8","","","","","1.1 %","85.2","","","","","0.9 %","16086"
"Carl Edwards Jr.","Cubs","71.5 %","95.0","","","","","27.8 %","80.5","0.7 %","89.5","","","","","0.1 %","13607"
"Ryan Pressly","Twins","53.7 %","95.0","24.6 %","88.7","","","21.5 %","83.1","0.2 %","87.8","","","","","0.6 %","7005"
"Scott Oberg","Rockies","62.1 %","95.0","22.1 %","85.8","","","9.9 %","78.0","5.9 %","87.6","","","","","1.0 %","13911"
"Tom Wilhelmsen","- - -","53.3 %","94.9","","","22.8 %","87.0","15.0 %","77.3","8.9 %","87.3","","","","","0.6 %","9975"
"Michael Feliz","Astros","64.9 %","94.9","30.2 %","82.4","","","","","5.0 %","84.4","","","","","","11903"
"Jake Barrett","Diamondbacks","62.8 %","94.9","30.6 %","87.0","","","","","0.5 %","86.4","6.1 %","85.2","","","1.5 %","13322"
"Kevin Gausman","Orioles","67.3 %","94.9","13.3 %","80.6","","","0.2 %","79.0","3.3 %","84.7","15.9 %","84.8","","","0.0 %","14107"
"Aaron Sanchez","Blue Jays","75.9 %","94.8","0.9 %","89.4","0.2 %","93.3","15.1 %","78.4","7.8 %","88.5","","","","","0.1 %","11490"
"Cam Bedrosian","Angels","68.9 %","94.8","30.6 %","82.9","","","","","0.5 %","88.9","","","","","1.0 %","13360"
"Zach McAllister","Indians","76.8 %","94.8","8.8 %","88.6","","","13.0 %","80.8","","","1.4 %","88.1","","","0.9 %","2895"
"Michael Fulmer","Tigers","57.2 %","94.8","25.2 %","88.1","","","","","17.6 %","86.4","","","","","0.1 %","13218"
"Justin Grimm","Cubs","52.6 %","94.8","3.0 %","84.2","","","44.4 %","82.7","","","","","","","0.7 %","11720"
"Chris Archer","Rays","51.1 %","94.8","40.3 %","88.1","","","","","8.6 %","86.5","","","","","0.0 %","6345"
"Danny Salazar","Indians","67.5 %","94.7","6.8 %","85.3","","","4.8 %","80.4","20.9 %","85.6","","","","","0.3 %","5867"
"Wily Peralta","Brewers","63.9 %","94.7","29.7 %","83.9","","","1.4 %","80.7","5.1 %","84.3","","","","","0.4 %","7738"
"J.R. Graham","Twins","66.8 %","94.7","29.6 %","84.3","","","","","3.6 %","83.2","","","","","","12042"
"Jhan Marinez","- - -","75.8 %","94.7","23.6 %","85.5","","","","","0.6 %","91.4","","","","","1.7 %","5830"
"Fernando Rodney","- - -","59.7 %","94.6","0.4 %","86.3","","","","","40.0 %","82.8","","","","","1.0 %","494"
"Michael Lorenzen","Reds","59.3 %","94.6","13.9 %","85.8","12.1 %","93.0","9.3 %","80.4","5.4 %","85.3","","","","","1.1 %","14843"
"Luis Cessa","Yankees","49.3 %","94.6","23.7 %","85.2","","","15.6 %","80.4","11.4 %","84.9","","","","","","13345"
"Jose Urena","Marlins","63.7 %","94.6","17.3 %","85.4","","","1.7 %","82.8","17.3 %","88.6","","","","","1.0 %","11589"
"Cody Allen","Indians","62.3 %","94.5","","","","","37.4 %","84.8","0.4 %","87.1","","","","","0.4 %","12183"
"Jason Motte","- - -","73.7 %","94.5","2.2 %","82.1","22.1 %","88.3","","","2.0 %","81.6","","","","","1.9 %","5861"
"Carlos Frias","Dodgers","56.4 %","94.5","0.1 %","88.0","29.4 %","89.8","5.3 %","80.0","8.9 %","87.1","","","","","0.3 %","3547"
"Liam Hendriks","- - -","71.1 %","94.5","21.9 %","87.5","","","5.1 %","77.6","1.9 %","88.8","","","","","0.6 %","3548"
"Bryan Morris","Marlins","53.0 %","94.5","12.3 %","83.9","34.4 %","89.2","0.2 %","80.5","0.2 %","87.5","","","","","0.2 %","10234"
"Josh Fields","- - -","68.1 %","94.5","9.0 %","84.1","","","18.4 %","78.8","4.5 %","79.2","","","","","1.2 %","5070"
"Andrew Miller","- - -","42.0 %","94.4","58.0 %","83.8","","","","","","","","","","","0.2 %","6785"
"Luke Hochevar","Royals","38.1 %","94.4","","","42.6 %","89.3","19.3 %","79.0","","","","","","","","6943"
"Jameson Taillon","Pirates","63.8 %","94.4","","","","","25.8 %","80.4","10.4 %","87.2","","","","","0.3 %","11674"
"Joe Biagini","Blue Jays","58.1 %","94.4","18.7 %","89.7","","","16.9 %","80.1","6.2 %","86.2","","","","","0.3 %","13194"
"Rubby de la Rosa","Diamondbacks","59.6 %","94.4","23.2 %","85.3","","","0.3 %","78.2","16.9 %","86.5","","","","","0.4 %","3862"
"Jacob deGrom","Mets","60.7 %","94.4","17.5 %","89.2","","","10.0 %","81.1","11.8 %","85.7","","","","","0.2 %","10954"
"Mychal Givens","Orioles","63.6 %","94.4","29.5 %","85.3","","","","","7.0 %","85.2","","","","","0.5 %","10430"
"Alexi Ogando","- - -","65.6 %","94.3","28.4 %","85.9","","","","","6.0 %","87.2","","","","","1.7 %","10261"
"Alex Colome","Rays","52.3 %","94.3","33.6 %","88.3","","","6.3 %","80.2","7.8 %","85.5","","","","","0.6 %","6661"
"Dustin McGowan","- - -","63.9 %","94.3","29.5 %","86.8","","","","","6.6 %","87.4","","","","","2.3 %","8600"
"Lance McCullers","Astros","48.3 %","94.3","","","","","42.7 %","84.8","9.0 %","88.6","","","","","0.4 %","14120"
"Joaquin Benoit","- - -","50.7 %","94.3","18.7 %","87.2","","","0.6 %","79.0","30.0 %","84.1","","","","","0.4 %","1437"
"Adam Ottavino","Rockies","51.3 %","94.3","46.2 %","82.1","2.6 %","89.5","","","","","","","","","","1247"
"Jonathan Broxton","- - -","60.3 %","94.2","30.9 %","87.6","","","1.8 %","77.2","7.0 %","87.9","","","","","1.3 %","4759"
"Jeff Samardzija","- - -","44.0 %","94.2","19.9 %","85.7","21.0 %","92.4","3.7 %","80.0","","","11.4 %","85.4","","","0.3 %","3254"
"Brad Brach","Orioles","60.7 %","94.2","15.5 %","85.8","","","","","23.8 %","86.2","","","","","0.5 %","6627"
"Max Scherzer","Nationals","57.0 %","94.2","20.8 %","86.2","1.4 %","89.1","8.2 %","78.6","12.6 %","85.1","","","","","0.2 %","3137"
"Ryan Madson","- - -","58.3 %","94.2","","","12.8 %","90.1","3.1 %","80.9","25.8 %","83.6","","","","","0.9 %","1852"
"Danny Duffy","Royals","60.7 %","94.2","23.9 %","82.3","","","0.3 %","76.7","15.1 %","85.1","","","","","","3542"
"Juan Nicasio","- - -","71.1 %","94.2","26.3 %","86.5","","","","","2.6 %","86.7","","","","","1.1 %","7731"
"Andrew Cashner","- - -","65.8 %","94.2","19.9 %","86.4","","","5.2 %","81.1","9.1 %","85.5","","","","","0.4 %","8782"
"Carlos Carrasco","Indians","54.1 %","94.1","19.2 %","87.8","","","11.3 %","83.3","15.4 %","88.7","","","","","0.3 %","6632"
"Mike Dunn","- - -","62.1 %","94.1","37.4 %","87.1","","","0.5 %","75.2","","","","","","","0.3 %","9948"
"Jake Petricka","White Sox","74.1 %","94.1","11.2 %","86.9","","","","","14.7 %","86.4","","","","","1.8 %","10534"
"Sean Doolittle","Athletics","88.4 %","94.1","7.5 %","81.0","","","","","4.2 %","83.6","","","","","0.8 %","1581"
"Taijuan Walker","- - -","63.0 %","94.1","0.7 %","85.8","7.9 %","88.9","9.7 %","75.4","18.6 %","88.6","","","","","0.2 %","11836"
"David Hernandez","- - -","63.1 %","94.1","0.5 %","87.4","","","35.1 %","81.1","1.3 %","87.7","","","","","0.9 %","4259"
"Heath Hembree","Red Sox","61.3 %","94.1","29.0 %","88.3","","","7.5 %","79.5","2.3 %","88.6","","","","","0.6 %","11632"
"Kevin Jepsen","- - -","66.5 %","94.0","","","","","24.9 %","82.2","8.6 %","85.0","","","","","0.4 %","6475"
"Vince Velasquez","- - -","66.0 %","94.0","10.2 %","84.0","","","12.2 %","80.4","11.6 %","87.3","","","","","0.2 %","11189"
"Jake Arrieta","Cubs","58.0 %","94.0","","","23.1 %","89.8","13.9 %","80.4","4.9 %","88.6","","","","","0.2 %","4153"
"Michael Tonkin","Twins","70.6 %","94.0","28.4 %","82.9","0.5 %","89.7","","","0.6 %","89.0","","","","","0.3 %","10315"
"Ross Ohlendorf","- - -","57.9 %","93.9","24.3 %","81.8","","","","","17.8 %","86.3","","","","","0.7 %","8268"
"Gonzalez Germen","- - -","59.0 %","93.9","7.5 %","86.8","","","","","33.5 %","85.7","","","","","1.7 %","5876"
"Jim Johnson","- - -","71.2 %","93.8","","","","","22.1 %","79.5","6.7 %","88.3","","","","","0.4 %","3656"
"Michael Wacha","Cardinals","55.4 %","93.8","","","14.8 %","89.9","10.7 %","75.4","19.2 %","86.0","","","","","0.7 %","14078"
"Steven Matz","Mets","63.0 %","93.8","8.6 %","87.3","","","17.1 %","77.9","11.4 %","83.3","","","","","0.3 %","13361"
"Hector Neris","Phillies","49.8 %","93.8","5.9 %","86.8","","","","","","","44.3 %","86.7","","","0.5 %","11804"
"Jake McGee","- - -","88.4 %","93.8","4.1 %","81.2","","","7.5 %","74.2","","","","","","","0.6 %","7550"
"Ian Krol","- - -","62.0 %","93.8","","","28.6 %","87.3","5.6 %","77.7","3.8 %","85.3","","","","","0.9 %","10066"
"Mark Lowe","- - -","54.0 %","93.8","45.0 %","85.7","","","","","1.0 %","86.9","","","","","0.8 %","7416"
"Shelby Miller","- - -","64.7 %","93.8","","","21.5 %","87.7","10.9 %","78.5","3.0 %","86.3","","","","","0.8 %","10197"
"Robbie Ray","Diamondbacks","70.2 %","93.7","18.4 %","84.0","","","4.6 %","81.4","6.8 %","85.4","","","","","0.3 %","11486"
"Sammy Solis","Nationals","67.5 %","93.7","","","","","23.2 %","80.6","9.3 %","85.3","","","","","1.5 %","11457"
"Luis Perdomo","Padres","66.3 %","93.7","24.5 %","83.3","","","","","9.2 %","87.9","","","","","1.0 %","14682"
"Eduardo Rodriguez","Red Sox","67.5 %","93.7","13.3 %","85.7","0.8 %","90.4","","","18.4 %","87.0","","","","","0.1 %","13164"
"Greg Holland","- - -","46.1 %","93.7","47.0 %","85.8","","","4.9 %","77.6","","","1.9 %","85.7","","","0.5 %","7196"
"Bud Norris","- - -","57.8 %","93.6","28.7 %","85.0","9.5 %","88.3","","","4.0 %","85.4","","","","","0.4 %","9492"
"Chris Sale","- - -","55.2 %","93.6","23.0 %","78.8","","","0.0 %","75.0","21.7 %","85.9","","","","","0.1 %","10603"
"Kevin Siegrist","Cardinals","70.9 %","93.6","3.4 %","80.7","","","5.4 %","73.2","20.4 %","85.2","","","","","0.8 %","8180"
"Glen Perkins","Twins","69.5 %","93.6","30.5 %","82.2","","","","","","","","","","","1.0 %","8041"
"Blake Snell","Rays","56.4 %","93.6","13.3 %","83.0","","","12.1 %","76.2","18.3 %","84.7","","","","","","13543"
"Justin Miller","Rockies","63.9 %","93.5","35.6 %","85.8","","","","","0.5 %","88.3","","","","","","8580"
"Michael Pineda","Yankees","52.4 %","93.5","38.4 %","85.6","","","","","9.2 %","88.3","","","","","0.1 %","5372"
"David Price","- - -","51.0 %","93.5","","","17.9 %","88.8","8.3 %","79.3","22.8 %","84.8","","","","","0.2 %","3184"
"Yu Darvish","Rangers","56.9 %","93.5","20.1 %","81.9","11.8 %","88.8","8.8 %","73.3","2.2 %","87.2","0.3 %","89.7","","","0.1 %","13074"
"Tyler Thornburg","Brewers","62.0 %","93.5","","","","","22.0 %","77.7","16.1 %","84.5","","","","","0.5 %","10688"
"Tony Watson","Pirates","71.4 %","93.5","6.7 %","84.6","","","","","21.9 %","85.2","","","","","0.3 %","3132"
"Edinson Volquez","- - -","52.5 %","93.5","","","","","23.9 %","80.3","23.6 %","84.1","","","","","0.1 %","3990"
"Chad Kuhl","Pirates","62.3 %","93.5","28.2 %","87.0","","","","","9.4 %","85.9","","","","","0.9 %","14975"
"Santiago Casilla","- - -","56.4 %","93.4","15.9 %","88.8","","","24.6 %","80.1","3.2 %","87.1","","","","","0.6 %","2873"
"Dylan Bundy","Orioles","57.6 %","93.4","5.8 %","83.6","","","17.3 %","76.1","19.3 %","84.5","","","","","0.6 %","12917"
"Carlos Rodon","White Sox","62.1 %","93.4","28.0 %","87.0","","","","","9.9 %","84.1","","","","","0.1 %","16137"
"Clayton Kershaw","Dodgers","52.2 %","93.4","30.2 %","88.2","","","17.0 %","73.4","0.6 %","86.9","","","","","0.1 %","2036"
"Mike Clevinger","Indians","58.6 %","93.4","18.2 %","83.7","","","5.9 %","74.4","17.3 %","86.9","","","","","","12808"
"Fernando Rodriguez","Athletics","65.8 %","93.4","","","20.0 %","89.4","12.3 %","79.0","1.9 %","87.5","","","","","0.4 %","7558"
"Rob Scahill","- - -","67.5 %","93.4","22.1 %","87.5","","","9.4 %","79.4","1.1 %","86.4","","","","","1.9 %","9286"
"Tony Cingrani","Reds","87.2 %","93.4","9.9 %","80.7","","","","","3.0 %","88.5","","","","","0.9 %","12555"
"Jimmy Nelson","Brewers","66.1 %","93.4","16.6 %","87.3","","","15.9 %","83.0","1.4 %","86.2","","","","","0.3 %","10547"
"Yimi Garcia","Dodgers","68.5 %","93.3","28.0 %","82.6","0.9 %","88.8","","","2.6 %","85.8","","","","","0.4 %","12095"
"Justin Verlander","Tigers","57.8 %","93.3","17.8 %","87.5","","","16.1 %","79.1","8.3 %","85.0","","","","","0.1 %","8700"
"Jarred Cosart","- - -","72.6 %","93.3","0.8 %","81.1","","","20.7 %","78.5","5.9 %","82.9","","","","","0.4 %","10304"
"Robert Gsellman","Mets","64.6 %","93.3","18.0 %","88.3","","","10.5 %","80.9","6.8 %","86.1","","","","","0.8 %","13696"
"Jose Berrios","Twins","64.0 %","93.3","","","","","21.6 %","81.0","14.4 %","84.6","","","","","","14168"
"Trevor May","Twins","60.4 %","93.2","6.2 %","84.9","","","17.0 %","77.6","16.4 %","85.4","","","","","0.4 %","6398"
"Eddie Butler","Rockies","62.9 %","93.2","19.4 %","87.1","","","6.8 %","80.4","11.0 %","87.4","","","","","0.8 %","13453"
"Anthony Swarzak","- - -","53.8 %","93.2","46.2 %","86.2","","","","","","","","","","","0.5 %","7466"
"Dominic Leone","- - -","53.5 %","93.2","18.7 %","82.3","27.3 %","88.8","","","0.5 %","87.0","","","","","1.7 %","13763"
"Luis Avilan","- - -","56.6 %","93.2","","","0.2 %","86.5","6.4 %","77.1","36.8 %","82.0","","","","","2.0 %","2882"
"Junichi Tazawa","- - -","57.0 %","93.2","8.5 %","80.3","","","11.7 %","75.5","","","22.8 %","86.9","","","0.4 %","4079"
"Cody Reed","Reds","52.6 %","93.2","36.0 %","87.6","","","","","11.4 %","85.9","","","","","1.3 %","15232"
"Derek Law","Giants","53.6 %","93.1","23.1 %","83.2","","","18.7 %","76.7","4.7 %","83.0","","","","","","13133"
"Junior Guerra","- - -","61.3 %","93.1","15.0 %","82.0","","","","","","","23.7 %","84.9","","","0.3 %","5702"
"Mike Wright","Orioles","69.9 %","93.1","18.8 %","82.6","","","2.2 %","76.6","9.1 %","80.4","","","","","0.5 %","12586"
"Kenley Jansen","Dodgers","91.9 %","93.1","8.1 %","82.9","","","","","","","","","","","0.4 %","3096"
"Jared Hughes","- - -","82.5 %","93.1","14.5 %","86.3","","","","","3.0 %","87.8","","","","","1.5 %","9325"
"Mike Pelfrey","- - -","71.1 %","93.1","9.2 %","83.9","","","4.4 %","72.6","","","15.4 %","81.1","","","0.2 %","5203"
"Al Alburquerque","- - -","43.5 %","93.0","56.5 %","85.5","","","","","","","","","","","1.1 %","6324"
"Brandon Cunniff","Braves","62.5 %","93.0","34.4 %","83.4","","","","","3.1 %","81.9","","","","","1.4 %","11509"
"Trevor Bauer","Indians","53.9 %","93.0","9.2 %","84.5","9.6 %","88.7","15.7 %","77.3","10.1 %","85.7","1.5 %","85.6","","","0.1 %","12703"
"Matt Wisler","Braves","60.4 %","93.0","26.6 %","82.1","","","5.7 %","76.8","7.4 %","86.9","","","","","0.6 %","12804"
"Jason Grilli","- - -","63.9 %","93.0","34.3 %","81.2","","","","","1.8 %","84.6","","","","","0.4 %","521"
"Cody Anderson","Indians","56.9 %","93.0","8.4 %","89.0","2.6 %","90.9","7.6 %","80.8","24.5 %","84.6","","","","","0.6 %","12799"
"Chris Bassitt","Athletics","57.1 %","93.0","19.9 %","85.3","","","15.6 %","71.3","7.4 %","83.2","","","","","0.1 %","12304"
"Robbie Ross Jr.","Red Sox","57.3 %","92.9","22.5 %","86.9","","","20.2 %","78.1","","","","","","","0.6 %","6819"
"Shawn Tolleson","Rangers","65.2 %","92.9","16.3 %","83.6","2.3 %","88.8","","","16.1 %","80.4","","","","","1.4 %","10481"
"Ryan Mattheus","- - -","77.1 %","92.9","13.6 %","84.6","1.9 %","89.7","","","","","7.4 %","83.3","","","0.6 %","7169"
"Michael Blazek","Brewers","48.2 %","92.9","26.8 %","82.7","","","25.0 %","77.1","0.1 %","84.0","","","","","0.8 %","9654"
"Kirby Yates","- - -","58.7 %","92.9","27.7 %","84.6","","","8.6 %","77.7","5.1 %","83.8","","","","","0.3 %","9073"
"J.J. Hoover","- - -","65.8 %","92.9","16.3 %","84.5","","","14.1 %","75.2","3.8 %","87.3","","","","","0.5 %","9037"
"Matt Thornton","- - -","72.4 %","92.9","14.3 %","83.6","","","","","13.4 %","86.4","","","","","1.4 %","1918"
"Sonny Gray","Athletics","60.9 %","92.9","14.4 %","85.7","3.1 %","91.0","14.7 %","81.1","7.0 %","87.6","","","","","0.0 %","12768"
"Joe Ross","Nationals","54.7 %","92.9","37.6 %","83.9","","","","","7.8 %","87.2","","","","","0.3 %","12972"
"Carson Smith","- - -","49.0 %","92.9","44.6 %","85.0","","","","","6.4 %","88.3","","","","","1.8 %","13172"
"Casey Fien","- - -","52.7 %","92.9","8.2 %","78.7","39.1 %","88.3","","","","","","","","","0.5 %","3926"
"Tyson Ross","Padres","52.0 %","92.8","41.6 %","86.4","6.0 %","90.4","","","0.4 %","88.1","","","","","0.4 %","7872"
"Jesse Hahn","Athletics","68.1 %","92.8","3.8 %","82.0","","","18.5 %","75.1","9.6 %","84.8","","","","","0.4 %","13287"
"Boone Logan","- - -","47.4 %","92.8","52.5 %","82.8","","","","","0.2 %","86.3","","","","","1.6 %","5525"
"Shane Greene","Tigers","47.3 %","92.8","14.1 %","81.5","32.1 %","87.9","1.3 %","79.0","5.2 %","85.4","","","","","0.9 %","10756"
"Drew Storen","- - -","49.1 %","92.8","36.8 %","81.7","","","","","14.2 %","85.1","","","","","0.7 %","6983"
"Jordan Lyles","Rockies","61.5 %","92.8","19.0 %","88.7","0.7 %","89.5","9.6 %","80.2","9.2 %","83.1","","","","","0.7 %","7593"
"Daniel Norris","- - -","59.7 %","92.8","17.6 %","86.0","","","8.6 %","75.9","14.1 %","85.6","","","","","","13475"
"Danny Farquhar","- - -","38.3 %","92.8","","","24.0 %","89.0","14.8 %","75.0","22.9 %","86.1","","","","","0.9 %","8501"
"Seung Hwan Oh","Cardinals","59.7 %","92.8","32.3 %","85.6","","","0.9 %","73.7","","","7.1 %","83.3","","","1.0 %","18719"
"Edwin Jackson","- - -","49.4 %","92.7","30.6 %","86.5","11.2 %","89.6","6.4 %","77.6","2.4 %","87.3","","","","","0.6 %","1841"
"Brandon McCarthy","Dodgers","57.9 %","92.7","","","15.6 %","91.2","25.5 %","80.2","1.1 %","88.0","","","","","0.3 %","4662"
"Will Smith","- - -","50.3 %","92.7","39.1 %","81.4","","","10.6 %","77.4","","","","","","","0.3 %","8048"
"Ivan Nova","- - -","65.9 %","92.7","","","1.6 %","86.7","27.7 %","80.1","4.9 %","86.5","","","","","0.1 %","1994"
"Jean Machi","- - -","53.8 %","92.7","10.5 %","81.4","","","","","","","35.8 %","86.2","","","","3220"
"Buck Farmer","Tigers","60.5 %","92.7","10.8 %","80.5","3.0 %","87.1","3.6 %","79.6","22.1 %","85.6","","","","","1.1 %","14814"
"Anthony DeSclafani","Reds","59.6 %","92.7","25.3 %","87.2","","","9.3 %","80.5","5.8 %","86.3","","","","","0.8 %","13050"
"Chaz Roe","- - -","57.2 %","92.7","42.3 %","82.7","0.2 %","87.0","","","0.3 %","84.8","","","","","0.9 %","9866"
"Julio Urias","Dodgers","55.7 %","92.7","14.7 %","84.9","","","15.4 %","76.0","14.1 %","80.3","","","","","0.3 %","14765"
"Adam Warren","- - -","44.4 %","92.7","30.1 %","87.1","","","10.7 %","79.5","14.8 %","84.5","","","","","0.8 %","9029"
"Alfredo Simon","- - -","46.6 %","92.7","","","12.7 %","88.4","9.1 %","76.6","","","31.5 %","84.0","","","0.3 %","2155"
"Jharel Cotton","Athletics","46.9 %","92.6","","","19.8 %","88.9","8.4 %","78.3","25.0 %","77.4","","","","","0.2 %","13654"
"Martin Perez","Rangers","60.4 %","92.6","10.7 %","85.4","","","10.2 %","79.6","18.7 %","84.3","","","","","0.2 %","6902"
"Archie Bradley","Diamondbacks","70.0 %","92.6","","","0.7 %","90.2","23.5 %","80.3","5.8 %","85.6","","","","","1.1 %","12918"
"Randall Delgado","Diamondbacks","56.5 %","92.6","23.1 %","82.1","","","0.5 %","75.1","20.0 %","84.6","","","","","0.6 %","5985"
"Elvis Araujo","Phillies","62.3 %","92.6","34.3 %","84.6","","","","","3.4 %","86.9","","","","","1.0 %","12854"
"Adam Liberatore","Dodgers","71.4 %","92.6","16.0 %","84.7","","","","","12.7 %","84.9","","","","","2.6 %","10637"
"Franklin Morales","- - -","59.7 %","92.6","30.6 %","88.2","","","9.3 %","75.0","0.4 %","86.5","","","","","","5088"
"Charlie Morton","- - -","63.7 %","92.6","","","3.1 %","88.8","24.1 %","79.4","9.1 %","85.0","","","","","1.0 %","4676"
"Ervin Santana","Twins","52.7 %","92.6","35.6 %","83.6","","","","","11.7 %","85.1","","","","","0.3 %","3200"
"Corey Kluber","Indians","51.8 %","92.6","","","25.5 %","88.8","17.8 %","83.2","5.0 %","85.1","","","","","0.2 %","2429"
"Andrew Chafin","Diamondbacks","69.7 %","92.6","29.4 %","81.9","","","","","0.9 %","84.1","","","","","1.4 %","12988"
"Jordan Zimmermann","- - -","58.6 %","92.6","24.9 %","87.4","","","14.9 %","80.5","1.7 %","86.7","","","","","0.3 %","4505"
"Marcus Stroman","Blue Jays","58.3 %","92.6","14.8 %","86.5","11.9 %","89.8","9.8 %","81.5","5.4 %","84.6","","","","","0.0 %","13431"
"Anthony Bass","Rangers","60.3 %","92.6","27.6 %","85.0","","","","","12.1 %","83.9","","","","","0.5 %","7982"
"Francisco Liriano","- - -","48.7 %","92.6","31.5 %","85.1","","","","","19.8 %","84.8","","","","","0.2 %","3201"
"Brian Flynn","Royals","66.9 %","92.6","27.7 %","85.5","","","1.7 %","75.6","3.7 %","83.8","","","","","","12027"
"Aaron Loup","Blue Jays","66.2 %","92.6","15.3 %","79.0","0.1 %","91.0","","","18.4 %","81.7","","","","","","10343"
"Raisel Iglesias","Reds","56.9 %","92.6","31.0 %","82.9","","","","","12.1 %","85.9","","","","","0.2 %","17130"
"Matt Moore","- - -","58.8 %","92.6","","","6.9 %","89.6","21.5 %","80.9","12.9 %","84.1","","","","","0.2 %","1890"
"Chris Devenski","Astros","44.4 %","92.5","11.6 %","82.4","","","11.0 %","76.7","33.0 %","81.3","","","","","0.1 %","12763"
"Brandon Kintzler","- - -","84.5 %","92.5","9.9 %","85.0","","","","","5.6 %","86.9","","","","","0.3 %","9939"
"Cole Hamels","- - -","46.9 %","92.5","","","18.7 %","89.1","13.1 %","78.8","21.3 %","84.2","","","","","0.2 %","4972"
"Keyvius Sampson","Reds","60.3 %","92.5","15.7 %","86.7","","","13.1 %","76.6","10.9 %","84.7","","","","","0.4 %","10039"
"Taylor Rogers","Twins","56.5 %","92.5","","","","","41.1 %","77.8","2.4 %","87.7","","","","","1.5 %","13449"
"Brad Boxberger","Rays","61.2 %","92.5","2.8 %","85.0","","","2.7 %","77.5","33.3 %","79.7","","","","","1.5 %","10133"
"Joakim Soria","- - -","65.9 %","92.5","9.3 %","79.7","","","10.2 %","71.1","14.7 %","86.7","","","","","0.2 %","6941"
"Brad Hand","- - -","64.3 %","92.5","20.3 %","83.0","","","9.9 %","78.5","5.6 %","85.8","","","","","0.5 %","9111"
"Tyler Chatwood","Rockies","69.9 %","92.5","","","21.7 %","87.4","5.1 %","76.7","3.3 %","85.2","","","","","0.2 %","4338"
"Addison Reed","- - -","70.1 %","92.5","29.7 %","86.1","","","","","0.2 %","85.6","","","","","1.7 %","10586"
"Matt Garza","Brewers","67.7 %","92.5","17.1 %","84.1","","","11.8 %","74.4","3.4 %","85.1","","","","","0.5 %","3340"
"Erik Goeddel","Mets","53.5 %","92.4","0.8 %","87.6","0.2 %","89.5","17.6 %","77.0","","","28.0 %","83.9","","","0.8 %","11712"
"Carlos Torres","- - -","21.9 %","92.4","","","62.9 %","91.0","14.9 %","81.4","0.2 %","83.7","","","","","1.4 %","7624"
"Tyler Skaggs","Angels","58.4 %","92.4","","","","","28.7 %","75.8","12.9 %","85.9","","","","","","10190"
"Blaine Boyer","- - -","60.9 %","92.4","28.9 %","86.4","","","9.8 %","74.5","0.5 %","86.0","","","","","1.5 %","2237"
"Ariel Miranda","- - -","58.5 %","92.4","4.1 %","80.7","","","","","19.7 %","83.6","17.7 %","80.5","","","0.3 %","17526"
"Drew Hutchison","- - -","65.0 %","92.4","23.7 %","84.4","","","","","11.4 %","85.6","","","","","0.1 %","10732"
"Pedro Villarreal","Reds","53.9 %","92.4","20.7 %","84.0","21.1 %","89.0","","","4.4 %","86.0","","","","","1.4 %","9904"
"Tony Barnette","Rangers","34.0 %","92.4","3.9 %","83.3","41.5 %","88.2","11.7 %","77.6","","","8.9 %","87.8","","","0.3 %","3555"
"Zach Eflin","Phillies","65.2 %","92.3","22.4 %","84.1","","","6.0 %","77.1","6.4 %","86.1","","","","","0.2 %","13774"
"Tanner Roark","Nationals","63.6 %","92.3","15.4 %","85.6","","","12.0 %","77.0","9.0 %","83.5","","","","","0.5 %","8753"
"Mike Montgomery","- - -","51.9 %","92.3","","","13.7 %","88.1","19.6 %","76.6","14.7 %","82.0","","","","","0.6 %","4869"
"Sean Manaea","Athletics","58.3 %","92.3","14.1 %","80.2","","","","","27.6 %","84.7","","","","","0.0 %","15873"
"Ryan Buchter","Padres","84.4 %","92.3","9.0 %","82.8","6.7 %","89.6","","","","","","","","","1.0 %","9456"
"A.J. Ramos","Marlins","42.5 %","92.3","30.3 %","80.7","3.4 %","90.5","3.3 %","75.5","20.5 %","85.4","","","","","0.6 %","8350"
"Steve Geltz","Rays","65.9 %","92.3","20.6 %","81.7","","","","","13.5 %","83.3","","","","","0.6 %","8402"
"Nathan Karns","- - -","55.6 %","92.2","","","","","31.8 %","81.2","12.6 %","85.7","","","","","0.3 %","12638"
"Shawn Kelley","- - -","51.2 %","92.2","48.8 %","82.9","","","","","","","","","","","1.3 %","7773"
"Nick Wittgren","Marlins","76.2 %","92.2","","","","","11.1 %","81.2","12.7 %","85.3","","","","","0.8 %","15594"
"Kendall Graveman","Athletics","61.1 %","92.2","7.3 %","78.5","22.5 %","87.6","","","4.8 %","85.3","4.3 %","83.3","","","0.2 %","15514"
"Andrew Bailey","- - -","59.7 %","92.2","","","27.4 %","85.1","12.9 %","76.8","","","","","","","0.6 %","1368"
"A.J. Schugel","- - -","60.4 %","92.2","","","","","6.0 %","77.8","33.6 %","82.3","","","","","0.6 %","11432"
"Seth Lugo","Mets","57.3 %","92.2","18.5 %","86.5","","","16.6 %","78.1","7.7 %","85.4","","","","","1.4 %","12447"
"Jason Hammel","- - -","52.6 %","92.1","35.4 %","84.6","","","8.1 %","76.8","3.9 %","84.9","","","","","0.4 %","4538"
"Alex Wilson","Tigers","55.9 %","92.1","7.1 %","83.4","35.9 %","87.0","","","1.1 %","87.6","","","","","1.0 %","9239"
"Brett Cecil","- - -","38.5 %","92.1","","","12.4 %","89.8","41.0 %","83.9","8.0 %","83.9","","","","","0.8 %","2660"
"Daniel Mengden","Athletics","55.8 %","92.1","","","17.3 %","86.9","12.0 %","74.9","15.0 %","81.3","","","","","","16980"
"Will Harris","Astros","68.9 %","92.1","","","4.4 %","91.3","26.2 %","81.4","0.5 %","84.9","","","","","0.3 %","3192"
"Tom Koehler","Marlins","52.4 %","92.1","19.3 %","85.4","","","22.3 %","78.8","6.1 %","84.7","","","","","0.8 %","6570"
"Derek Holland","- - -","58.5 %","92.0","16.5 %","81.3","","","14.9 %","77.2","10.2 %","83.7","","","","","0.3 %","4141"
"Clay Buchholz","- - -","41.9 %","92.0","","","23.1 %","88.3","17.3 %","77.9","17.1 %","80.4","0.6 %","85.7","","","0.0 %","3543"
"Antonio Bastardo","- - -","69.8 %","92.0","24.0 %","83.4","","","","","6.2 %","85.2","","","","","0.8 %","8844"
"Brandon Finnegan","- - -","67.0 %","92.0","20.6 %","83.4","","","","","12.4 %","84.3","","","","","0.2 %","16208"
"Albert Suarez","Giants","57.6 %","92.0","16.7 %","78.6","","","13.9 %","75.0","11.8 %","83.3","","","","","1.4 %","6175"
"Jon Lester","Cubs","55.9 %","92.0","","","25.0 %","88.4","13.5 %","74.8","5.7 %","84.8","","","","","0.2 %","4930"
"Patrick Corbin","Diamondbacks","63.1 %","92.0","28.1 %","80.7","","","","","8.8 %","84.5","","","","","0.3 %","9323"
"Johnny Cueto","- - -","50.4 %","92.0","8.0 %","84.2","21.6 %","86.9","3.2 %","80.7","16.8 %","82.7","","","","","0.1 %","6893"
"David Robertson","White Sox","67.1 %","92.0","","","","","31.1 %","82.4","1.8 %","86.7","","","","","1.1 %","8241"
"David Phelps","Marlins","62.0 %","91.9","","","20.2 %","89.0","12.9 %","79.2","4.8 %","83.2","","","","","0.7 %","6316"
"Joe Musgrove","Astros","47.3 %","91.9","33.6 %","82.1","2.5 %","88.1","7.4 %","78.9","9.1 %","82.7","","","","","","12970"
"Ian Kennedy","- - -","64.5 %","91.8","","","8.1 %","85.7","14.4 %","77.3","13.0 %","83.8","","","","","0.3 %","6986"
"Chad Bettis","Rockies","57.4 %","91.8","","","16.5 %","86.2","12.1 %","74.4","14.0 %","85.6","","","","","0.4 %","10587"
"Jose Quintana","White Sox","59.5 %","91.8","","","3.4 %","90.4","28.3 %","78.7","8.9 %","86.0","","","","","0.4 %","11423"
"Jesse Chavez","- - -","35.0 %","91.8","5.5 %","83.0","36.0 %","90.5","8.2 %","78.0","15.3 %","84.6","","","","","0.5 %","5448"
"John Gant","Braves","58.7 %","91.8","","","","","18.7 %","75.3","22.6 %","80.3","","","","","1.1 %","13684"
"Ross Detwiler","- - -","72.6 %","91.8","","","","","15.6 %","77.8","11.9 %","84.6","","","","","0.2 %","2859"
"Oliver Perez","- - -","56.9 %","91.8","43.1 %","79.1","","","","","","","","","","","1.5 %","1514"
"Colin Rea","- - -","59.9 %","91.8","0.0 %","84.0","17.4 %","87.1","17.7 %","78.0","","","4.9 %","83.7","","","0.7 %","12317"
"Mark Melancon","- - -","9.3 %","91.8","","","64.1 %","90.9","26.3 %","81.1","0.2 %","85.0","","","","","0.4 %","4264"
"Lance Lynn","Cardinals","84.1 %","91.8","9.1 %","86.5","","","4.6 %","77.7","2.2 %","84.0","","","","","0.7 %","2520"
"Paul Clemens","- - -","65.5 %","91.7","","","","","31.0 %","74.2","3.5 %","82.8","","","","","","8037"
"Roenis Elias","- - -","52.5 %","91.7","","","","","22.3 %","78.6","25.2 %","84.7","","","","","0.4 %","12673"
"Jeremy Guthrie","- - -","52.4 %","91.7","13.8 %","87.5","","","16.5 %","77.3","17.4 %","85.1","","","","","0.2 %","2072"
"J.A. Happ","- - -","70.3 %","91.7","12.9 %","84.7","","","8.5 %","78.4","8.3 %","84.7","","","","","0.3 %","7410"
"Ryan Webb","- - -","58.9 %","91.7","23.6 %","82.4","","","","","17.4 %","83.7","","","","","1.1 %","7474"
"T.J. McFarland","- - -","68.9 %","91.7","18.7 %","81.1","","","","","12.5 %","84.5","","","","","2.6 %","3237"
"Trevor Cahill","- - -","53.0 %","91.7","5.1 %","88.0","2.4 %","85.8","18.4 %","79.7","21.1 %","83.7","","","","","0.8 %","6249"
"Matt Andriese","Rays","49.3 %","91.7","","","18.5 %","86.3","12.6 %","79.8","19.6 %","85.4","","","","","0.2 %","12022"
"Mike Morin","Angels","40.1 %","91.6","23.9 %","80.7","","","","","36.0 %","71.9","","","","","0.8 %","13442"
"John Lackey","- - -","62.3 %","91.6","23.6 %","83.2","","","9.8 %","77.9","4.2 %","83.8","","","","","0.4 %","1507"
"Brian Duensing","- - -","53.0 %","91.6","23.9 %","81.0","","","8.5 %","72.4","14.7 %","84.9","","","","","1.7 %","4064"
"Chien-Ming Wang","Royals","84.0 %","91.6","10.3 %","84.3","","","1.1 %","77.0","4.7 %","80.2","","","","","","2074"
"Matt Bowman","Cardinals","62.4 %","91.6","21.8 %","86.5","","","","","15.8 %","81.1","","","","","0.9 %","13528"
"Chris Tillman","Orioles","60.9 %","91.6","","","11.6 %","85.7","13.3 %","75.3","14.3 %","83.2","","","","","0.2 %","5279"
"Aaron Brooks","- - -","60.0 %","91.5","14.6 %","85.3","","","4.5 %","77.4","20.9 %","82.5","","","","","0.1 %","12272"
"Justin De Fratus","Phillies","58.2 %","91.5","31.6 %","81.6","","","0.3 %","74.8","10.0 %","85.0","","","","","0.6 %","4955"
"Cory Gearrin","Giants","56.6 %","91.5","39.1 %","83.9","","","","","4.3 %","84.2","","","","","0.3 %","7947"
"Zack Greinke","- - -","49.7 %","91.5","20.3 %","86.0","","","9.7 %","74.0","20.3 %","88.1","","","","","0.2 %","1943"
"Marc Rzepczynski","- - -","59.2 %","91.5","30.9 %","83.9","","","","","9.8 %","85.6","","","","","3.2 %","6612"
"Dan Jennings","White Sox","59.2 %","91.5","40.8 %","83.5","","","","","0.1 %","82.0","","","","","1.2 %","8073"
"Chasen Shreve","Yankees","50.6 %","91.5","18.1 %","82.6","","","","","0.1 %","82.5","31.2 %","82.5","","","0.5 %","10855"
"Jake Odorizzi","Rays","55.2 %","91.5","6.0 %","82.6","10.7 %","85.9","3.7 %","71.3","24.4 %","84.8","","","","","0.2 %","6397"
"Madison Bumgarner","Giants","49.0 %","91.5","32.1 %","86.6","","","16.1 %","75.8","2.8 %","84.0","","","","","0.1 %","5524"
"Taylor Jungmann","Brewers","67.9 %","91.5","","","","","26.1 %","75.8","6.0 %","84.3","","","","","0.4 %","13119"
"Jeanmar Gomez","Phillies","63.1 %","91.4","15.6 %","84.2","1.1 %","87.8","0.2 %","75.6","20.0 %","84.2","","","","","1.2 %","9033"
"Kyle Gibson","Twins","57.0 %","91.4","20.3 %","84.3","","","4.4 %","79.7","18.3 %","83.2","","","","","0.4 %","10123"
"Chi Chi Gonzalez","Rangers","65.0 %","91.4","20.7 %","86.5","","","5.4 %","79.4","9.0 %","86.0","","","","","0.3 %","14663"
"Jeff Manship","Indians","53.3 %","91.4","42.5 %","83.5","","","4.1 %","81.3","0.2 %","85.5","","","","","0.6 %","6865"
"Jeff Locke","Pirates","63.6 %","91.4","2.9 %","83.8","","","9.6 %","79.5","24.0 %","81.6","","","","","0.7 %","2929"
"Chase Anderson","- - -","58.6 %","91.4","","","4.1 %","88.7","13.8 %","76.8","23.6 %","81.8","","","","","0.2 %","6895"
"Anibal Sanchez","Tigers","54.2 %","91.4","14.5 %","85.1","5.1 %","89.3","8.8 %","77.6","17.4 %","83.9","","","","","0.2 %","3284"
"Joel De La Cruz","Braves","52.1 %","91.4","23.4 %","86.0","","","","","24.4 %","84.5","","","","","0.1 %","12825"
"Scott Kazmir","- - -","56.7 %","91.3","8.3 %","81.0","10.6 %","87.1","5.5 %","77.0","19.0 %","76.4","","","","","0.2 %","4897"
"Gio Gonzalez","Nationals","64.7 %","91.3","","","","","19.2 %","77.5","16.1 %","83.8","","","","","0.3 %","7448"
"Andrew Heaney","Angels","62.9 %","91.3","18.4 %","79.6","","","","","18.8 %","83.0","","","","","0.2 %","15423"
"Tyler Clippard","- - -","44.9 %","91.3","","","6.6 %","81.4","2.1 %","75.6","35.4 %","79.1","11.0 %","82.0","","","0.6 %","5640"
"Odrisamer Despaigne","- - -","62.2 %","91.3","0.2 %","84.2","11.2 %","88.1","17.1 %","75.1","9.3 %","77.6","","","","","0.7 %","16017"
"Jake Thompson","Phillies","49.8 %","91.3","21.4 %","83.0","10.6 %","90.0","2.3 %","77.9","15.9 %","83.4","","","","","0.7 %","14371"
"Matt Albers","- - -","72.5 %","91.2","16.2 %","85.5","","","1.7 %","79.7","9.6 %","81.1","","","","","0.8 %","4300"
"Jonathan Papelbon","- - -","67.0 %","91.2","18.2 %","79.7","","","","","","","14.8 %","85.9","","","1.4 %","5975"
"Braden Shipley","Diamondbacks","56.2 %","91.2","","","","","24.6 %","79.8","19.2 %","84.4","","","","","0.3 %","15158"
"Masahiro Tanaka","Yankees","32.8 %","91.2","23.9 %","83.8","9.2 %","88.7","6.1 %","76.1","","","28.0 %","87.1","","","0.0 %","15764"
"Fernando Abad","- - -","54.3 %","91.2","","","9.8 %","86.1","19.6 %","76.7","16.3 %","74.0","","","","","1.1 %","4994"
"Felix Hernandez","Mariners","45.2 %","91.2","6.1 %","84.7","","","21.2 %","79.8","27.6 %","87.6","","","","","0.1 %","4772"
"Matt Boyd","- - -","57.4 %","91.2","13.9 %","82.9","","","10.9 %","73.4","17.9 %","79.5","","","","","","15440"
"Tyrell Jenkins","Braves","65.2 %","91.2","","","","","18.7 %","80.2","16.2 %","81.7","","","","","0.5 %","11378"
"Zack Godley","Diamondbacks","33.6 %","91.2","","","35.5 %","90.1","21.7 %","81.7","9.3 %","83.0","","","","","0.9 %","14862"
"Miguel Gonzalez","- - -","52.6 %","91.2","19.5 %","85.8","","","10.5 %","76.8","","","17.4 %","84.1","","","0.2 %","7024"
"Severino Gonzalez","Phillies","62.6 %","91.1","6.8 %","77.4","0.3 %","87.0","15.2 %","80.4","15.2 %","84.7","","","","","0.4 %","14697"
"Tyler Anderson","Rockies","46.0 %","91.1","20.3 %","86.4","4.2 %","87.3","0.9 %","76.2","28.6 %","81.8","","","","","0.3 %","12880"
"George Kontos","Giants","36.6 %","91.1","19.7 %","84.1","39.7 %","87.6","1.5 %","79.7","2.5 %","84.7","","","","","1.2 %","9486"
"Wei-Yin Chen","- - -","62.7 %","91.1","16.6 %","83.7","","","9.6 %","73.9","11.1 %","83.1","","","","","0.0 %","13071"
"Erasmo Ramirez","Rays","57.8 %","91.1","16.0 %","84.5","1.5 %","89.2","3.1 %","77.7","21.6 %","81.3","","","","","0.6 %","10314"
"Steve Cishek","- - -","52.7 %","91.1","46.0 %","79.4","","","","","1.2 %","83.1","","","","","0.8 %","6483"
"Nick Tropeano","Angels","51.5 %","91.0","","","","","24.5 %","80.2","19.4 %","82.2","4.6 %","80.3","","","0.4 %","12385"
"Tyler Cravy","Brewers","57.4 %","91.0","15.1 %","84.2","","","8.9 %","78.6","18.5 %","84.3","","","","","0.7 %","10770"
"Jerad Eickhoff","Phillies","53.3 %","91.0","17.8 %","82.2","","","23.8 %","75.2","5.0 %","84.0","","","","","0.4 %","12664"
"Mat Latos","- - -","60.6 %","91.0","17.4 %","85.0","0.4 %","88.6","6.5 %","75.8","4.1 %","83.4","11.1 %","80.6","","","0.3 %","3815"
"Brandon Gomes","Rays","39.9 %","91.0","32.0 %","81.3","","","5.2 %","75.6","","","22.8 %","82.6","","","1.0 %","2267"
"Adam Conley","Marlins","65.0 %","91.0","17.7 %","84.9","","","0.0 %","71.0","17.2 %","82.8","","","","","0.8 %","14457"
"Ryan Dull","Athletics","57.4 %","91.0","35.1 %","82.9","","","","","7.5 %","83.7","","","","","0.9 %","13974"
"Julio Teheran","Braves","58.8 %","90.9","24.6 %","80.8","","","8.3 %","71.7","8.3 %","82.1","","","","","0.3 %","6797"
"Fernando Salas","- - -","59.3 %","90.9","22.2 %","83.4","0.8 %","88.1","","","17.7 %","85.5","","","","","1.4 %","4971"
"Jorge de la Rosa","- - -","34.4 %","90.9","0.2 %","86.9","22.1 %","86.7","7.8 %","73.2","35.6 %","82.0","","","","","0.4 %","2047"
"Matt Shoemaker","Angels","52.0 %","90.9","14.3 %","82.2","","","4.0 %","75.3","0.0 %","84.0","29.7 %","84.4","","","0.5 %","4776"
"Joe Blanton","- - -","38.5 %","90.9","35.6 %","85.7","","","12.3 %","79.9","13.7 %","85.6","","","","","1.3 %","4849"
"A.J. Burnett","Pirates","64.0 %","90.9","","","","","29.4 %","81.8","6.7 %","85.2","","","","","0.4 %","512"
"Hector Santiago","- - -","61.8 %","90.9","6.1 %","80.7","7.0 %","86.4","5.4 %","74.7","19.6 %","82.8","0.1 %","75.3","","","0.3 %","4026"
"Kris Medlen","Royals","58.2 %","90.9","","","5.9 %","84.8","18.3 %","78.4","17.6 %","84.5","","","","","0.1 %","9417"
"Aaron Blair","Braves","58.4 %","90.9","","","","","22.6 %","78.4","19.0 %","84.7","","","","","1.3 %","14934"
"Drew Pomeranz","- - -","54.4 %","90.9","","","8.0 %","85.9","36.9 %","79.4","0.7 %","83.5","","","","","0.3 %","11426"
"Chad Qualls","- - -","59.3 %","90.9","39.0 %","85.3","","","","","","","1.7 %","81.1","","","0.6 %","2170"
"Alex Cobb","Rays","44.8 %","90.9","","","","","29.3 %","80.1","25.9 %","85.2","","","","","","6562"
"Ross Stripling","Dodgers","46.4 %","90.8","23.4 %","86.9","","","20.6 %","77.8","9.7 %","82.5","","","","","0.9 %","13273"
"Williams Perez","Braves","72.6 %","90.8","","","","","12.9 %","76.7","14.5 %","79.2","","","","","0.6 %","11592"
"Tony Sipp","Astros","49.5 %","90.8","29.3 %","80.6","","","","","21.2 %","78.1","0.1 %","78.0","","","0.2 %","8280"
"Clayton Richard","- - -","73.5 %","90.8","13.6 %","81.3","1.5 %","85.6","","","11.4 %","84.1","","","","","0.9 %","3551"
"Felix Doubront","- - -","55.6 %","90.8","","","18.4 %","87.0","12.9 %","75.7","13.1 %","83.2","","","","","0.3 %","1478"
"Mike Leake","- - -","46.4 %","90.8","9.3 %","81.1","27.2 %","89.6","9.2 %","79.4","8.0 %","85.3","","","","","0.5 %","10130"
"Yohan Flande","Rockies","53.7 %","90.8","9.7 %","84.5","","","","","36.6 %","85.1","","","","","1.4 %","5057"
"Jose Alvarez","Angels","48.6 %","90.8","24.7 %","84.6","","","9.1 %","76.6","17.6 %","79.5","","","","","1.7 %","5358"
"Matt Belisle","- - -","55.5 %","90.8","33.2 %","85.9","","","9.5 %","74.8","1.8 %","86.3","","","","","1.4 %","1837"
"Ryan Vogelsong","- - -","51.0 %","90.7","","","20.1 %","87.7","18.7 %","76.3","10.2 %","83.5","","","","","0.4 %","1011"
"Evan Scribner","- - -","50.6 %","90.7","21.3 %","86.0","","","28.1 %","71.7","0.1 %","84.0","","","","","0.5 %","7525"
"A.J. Achter","- - -","52.1 %","90.7","13.5 %","80.3","","","","","34.4 %","83.0","","","","","0.6 %","11387"
"James Shields","- - -","42.7 %","90.7","0.7 %","80.9","19.1 %","86.1","17.3 %","77.5","20.2 %","84.0","","","","","0.5 %","7059"
"Tim Adleman","Reds","63.0 %","90.7","","","","","17.7 %","75.4","19.2 %","84.1","","","","","0.5 %","10968"
"Brett Anderson","- - -","53.5 %","90.7","24.6 %","82.0","","","12.2 %","75.9","9.8 %","83.3","","","","","0.3 %","8223"
"Deolis Guerra","- - -","43.7 %","90.6","1.2 %","84.4","2.8 %","86.9","9.2 %","78.3","43.2 %","80.7","","","","","","8410"
"Erik Johnson","- - -","67.2 %","90.6","18.5 %","83.4","","","5.9 %","71.6","8.5 %","80.6","","","","","0.2 %","12520"
"Kevin Quackenbush","Padres","68.4 %","90.6","2.9 %","82.9","","","27.7 %","78.4","","","1.0 %","83.6","","","0.9 %","12360"
"Wade Miley","- - -","54.7 %","90.6","17.5 %","84.2","0.7 %","89.1","9.8 %","77.0","17.3 %","82.8","","","","","0.1 %","8779"
"Alec Asher","- - -","55.9 %","90.6","16.5 %","83.7","5.5 %","88.9","8.4 %","79.5","13.8 %","82.1","","","","","","13560"
"Rick Porcello","Red Sox","63.5 %","90.6","11.4 %","85.5","","","14.2 %","74.3","10.9 %","81.0","","","","","0.0 %","2717"
"Zach Putnam","White Sox","22.9 %","90.6","","","13.3 %","88.7","","","","","63.8 %","84.6","","","1.2 %","9080"
"Jhoulys Chacin","- - -","52.9 %","90.5","23.4 %","81.3","6.9 %","87.0","9.4 %","78.0","7.5 %","83.6","","","","","0.6 %","2608"
"Phil Hughes","Twins","54.9 %","90.5","","","21.3 %","87.6","17.8 %","76.7","6.0 %","83.6","","","","","","7450"
"Miguel Socolovich","Cardinals","43.6 %","90.5","24.6 %","82.2","","","","","31.9 %","81.9","","","","","0.8 %","6697"
"Brian Matusz","- - -","55.2 %","90.5","26.0 %","84.0","","","5.0 %","78.3","13.9 %","82.0","","","","","1.4 %","2646"
"Nick Martinez","Rangers","60.6 %","90.4","22.0 %","82.7","","","7.1 %","76.0","10.3 %","83.5","","","","","0.2 %","12730"
"Ricky Nolasco","- - -","49.1 %","90.4","31.7 %","81.2","","","11.6 %","73.1","","","7.6 %","79.8","","","0.2 %","3830"
"Tyler Duffey","Twins","56.1 %","90.4","","","","","38.4 %","80.0","5.5 %","82.6","","","","","0.3 %","13758"
"Jaime Garcia","- - -","61.8 %","90.4","","","16.8 %","82.2","4.1 %","72.2","17.4 %","82.5","","","","","0.4 %","8137"
"David Hale","Rockies","63.1 %","90.4","19.1 %","81.1","","","","","17.8 %","79.3","","","","","0.7 %","9756"
"Aaron Nola","Phillies","59.8 %","90.4","","","","","30.1 %","76.4","10.0 %","82.0","","","","","0.4 %","16149"
"Eric O'Flaherty","- - -","71.2 %","90.4","27.7 %","83.7","","","","","1.1 %","86.5","","","","","1.4 %","5746"
"Josh Smith","Reds","43.4 %","90.4","32.1 %","84.4","","","19.4 %","77.7","5.2 %","79.7","","","","","1.1 %","10946"
"Travis Wood","- - -","61.4 %","90.3","7.5 %","81.1","22.3 %","86.7","3.8 %","70.9","5.1 %","80.3","","","","","1.0 %","9884"
"Collin McHugh","Astros","34.7 %","90.3","19.6 %","86.8","14.3 %","86.7","26.7 %","72.6","4.7 %","83.0","","","","","0.3 %","7531"
"Matt Cain","Giants","51.8 %","90.3","23.1 %","84.8","","","13.2 %","76.3","11.9 %","84.5","","","","","0.2 %","4732"
"Ubaldo Jimenez","Orioles","59.6 %","90.3","15.1 %","82.7","","","5.8 %","75.4","3.8 %","82.0","15.7 %","84.5","","","0.2 %","3374"
"C.J. Wilson","Angels","51.7 %","90.3","12.4 %","82.9","10.5 %","87.6","10.2 %","77.4","15.2 %","85.0","","","","","0.4 %","3580"
"Adam Wainwright","Cardinals","42.2 %","90.3","","","29.0 %","85.4","26.3 %","74.0","2.5 %","82.4","","","","","0.5 %","2233"
"Scott Feldman","- - -","30.9 %","90.3","","","40.5 %","88.5","25.0 %","75.3","0.1 %","82.5","3.5 %","83.8","","","0.6 %","6283"
"Tyler Lyons","Cardinals","49.1 %","90.2","34.6 %","80.7","","","1.7 %","75.4","14.6 %","83.7","","","","","","11334"
"Logan Verrett","- - -","56.0 %","90.2","24.6 %","83.6","","","6.9 %","77.1","12.6 %","84.0","","","","","1.1 %","12905"
"Drew Smyly","Rays","56.0 %","90.2","","","15.4 %","84.4","23.1 %","75.9","5.5 %","80.2","","","","","0.1 %","11760"
"Yovani Gallardo","- - -","54.0 %","90.2","28.2 %","87.0","","","12.2 %","78.2","5.5 %","84.3","","","","","0.2 %","8173"
"Ryan Weber","Braves","54.7 %","90.2","","","6.9 %","88.2","23.1 %","76.0","15.3 %","81.7","","","","","0.6 %","10160"
"Andrew Triggs","Athletics","52.9 %","90.2","21.3 %","76.1","24.5 %","83.1","","","1.3 %","82.8","","","","","0.3 %","13533"
"Rich Hill","- - -","47.4 %","90.1","7.4 %","77.0","","","42.3 %","74.0","2.9 %","83.0","","","","","","4806"
"Kenta Maeda","Dodgers","42.8 %","90.1","28.5 %","81.6","0.8 %","88.5","17.2 %","72.6","10.7 %","82.6","","","","","0.8 %","18498"
"John Lamb","Reds","54.1 %","90.1","0.1 %","79.0","17.9 %","85.5","11.3 %","68.2","16.7 %","75.6","","","","","","8493"
"Jeremy Hellickson","- - -","52.5 %","90.1","","","5.6 %","85.6","17.1 %","76.9","24.9 %","80.5","","","","","0.2 %","4371"
"CC Sabathia","Yankees","44.0 %","90.1","23.9 %","79.7","17.4 %","88.6","","","14.8 %","83.6","","","","","0.2 %","404"
"Adam Morgan","Phillies","51.1 %","90.0","25.0 %","82.3","","","5.0 %","75.3","18.9 %","78.7","","","","","0.4 %","12580"
"Peter Moylan","- - -","59.6 %","90.0","36.4 %","78.2","1.7 %","86.2","","","2.3 %","84.0","","","","","","4891"
"Jerome Williams","- - -","49.1 %","90.0","","","27.4 %","87.3","6.1 %","77.3","17.3 %","83.4","","","","","0.8 %","1137"
"Dan Otero","- - -","77.3 %","90.0","8.6 %","82.3","1.9 %","87.1","1.8 %","77.1","10.5 %","82.9","","","","","0.5 %","7385"
"Neal Cotts","- - -","54.9 %","89.9","10.8 %","82.8","34.3 %","86.1","","","","","","","","","0.8 %","1797"
"Daniel Coulombe","- - -","36.3 %","89.9","29.8 %","84.1","2.3 %","87.9","27.0 %","80.0","4.6 %","83.3","","","","","0.7 %","13293"
"Zach Neal","Athletics","61.4 %","89.8","22.0 %","85.5","","","2.4 %","75.0","14.2 %","81.8","","","","","","11294"
"Tyler Wilson","Orioles","64.1 %","89.8","21.1 %","79.8","","","3.4 %","75.8","11.4 %","81.9","","","","","0.4 %","12691"
"Tommy Layne","- - -","53.0 %","89.8","13.5 %","81.5","24.1 %","85.6","3.8 %","76.5","5.6 %","83.4","","","","","1.1 %","7501"
"Christian Friedrich","- - -","52.0 %","89.8","26.2 %","84.1","","","17.9 %","76.9","3.9 %","83.4","","","","","0.5 %","7942"
"Craig Breslow","- - -","54.0 %","89.7","0.1 %","88.0","17.6 %","85.7","6.0 %","75.3","22.3 %","78.8","","","","","1.5 %","4363"
"Pat Neshek","- - -","47.5 %","89.7","45.1 %","83.1","","","","","7.5 %","68.0","","","","","1.7 %","4682"
"Nick Vincent","- - -","43.7 %","89.7","","","50.7 %","86.6","0.1 %","76.0","5.5 %","83.5","","","","","1.5 %","7555"
"Sean O'Sullivan","- - -","57.6 %","89.7","23.7 %","79.6","","","4.8 %","72.6","13.9 %","83.0","","","","","0.9 %","9137"
"Alex Wood","- - -","59.8 %","89.6","","","","","23.5 %","81.0","16.8 %","83.0","","","","","0.5 %","13781"
"Joel Peralta","- - -","51.9 %","89.6","","","","","18.5 %","77.2","","","29.6 %","80.8","","","0.4 %","2332"
"Chris Rusin","Rockies","44.2 %","89.6","6.4 %","82.3","26.3 %","86.8","4.5 %","78.5","18.7 %","81.9","","","","","0.8 %","9895"
"David Buchanan","Phillies","45.2 %","89.6","","","20.7 %","88.6","13.7 %","78.5","20.4 %","81.6","","","","","0.3 %","11176"
"Christian Bergman","Rockies","48.2 %","89.6","23.9 %","86.0","","","6.8 %","78.0","21.0 %","81.9","","","","","0.3 %","10925"
"Xavier Cedeno","- - -","3.9 %","89.6","17.8 %","81.1","57.4 %","88.1","20.9 %","79.7","","","","","","","0.9 %","36"
"Zach Duke","- - -","56.2 %","89.5","16.0 %","76.0","15.5 %","81.6","4.9 %","75.3","7.4 %","85.5","","","","","1.3 %","3840"
"Pat Dean","Twins","56.2 %","89.5","25.5 %","85.4","","","7.5 %","76.6","10.9 %","84.3","","","","","0.3 %","11350"
"Jake Peavy","Giants","46.4 %","89.5","7.5 %","80.0","31.2 %","85.5","6.8 %","79.5","8.1 %","82.9","","","","","0.2 %","1051"
"Dillon Gee","- - -","47.5 %","89.5","20.5 %","84.9","","","14.8 %","76.7","17.3 %","83.3","","","","","0.8 %","7396"
"Aaron Harang","Phillies","59.8 %","89.5","18.4 %","81.2","6.0 %","87.4","4.4 %","73.4","11.4 %","84.1","","","","","0.4 %","1451"
"Mike Fiers","- - -","48.9 %","89.5","5.0 %","81.3","11.2 %","86.0","17.5 %","73.2","17.4 %","82.8","","","","","0.3 %","7754"
"Dan Straily","- - -","51.1 %","89.4","26.5 %","83.2","","","4.3 %","72.8","18.2 %","82.4","","","","","0.5 %","9460"
"Luke Gregerson","Astros","55.3 %","89.3","43.1 %","81.7","","","","","1.6 %","79.1","","","","","0.7 %","4090"
"Vidal Nuno","- - -","33.4 %","89.3","31.6 %","84.2","8.7 %","85.0","8.9 %","78.9","17.4 %","82.6","","","","","0.5 %","9674"
"Zach Davies","Brewers","57.9 %","89.3","","","11.2 %","85.4","10.5 %","72.5","20.4 %","78.6","","","","","0.0 %","13183"
"Francisco Rodriguez","- - -","46.4 %","89.3","","","","","11.6 %","75.5","42.1 %","83.2","","","","","0.5 %","1642"
"Kyle Lohse","- - -","46.1 %","89.2","26.8 %","84.0","","","6.7 %","74.8","20.4 %","79.2","","","","","0.4 %","739"
"John Danks","White Sox","44.8 %","89.1","","","14.6 %","85.7","12.1 %","75.6","28.5 %","80.9","","","","","0.2 %","6329"
"Dallas Keuchel","Astros","53.3 %","89.1","23.0 %","78.7","11.6 %","86.2","","","12.1 %","79.1","","","","","0.1 %","9434"
"Jon Niese","- - -","50.9 %","89.1","1.5 %","80.2","22.9 %","86.8","12.6 %","74.4","12.2 %","82.8","","","","","0.4 %","4424"
"Vance Worley","- - -","64.0 %","89.1","","","28.7 %","85.2","5.2 %","75.3","2.1 %","83.4","","","","","0.5 %","6435"
"Cesar Ramos","- - -","45.2 %","89.1","28.5 %","83.2","","","13.6 %","69.3","12.7 %","82.0","","","","","0.3 %","3357"
"Louis Coleman","- - -","41.1 %","89.0","57.3 %","81.6","0.1 %","87.0","","","1.5 %","84.2","","","","","0.9 %","9720"
"Henry Owens","Red Sox","58.3 %","89.0","4.6 %","77.8","","","11.3 %","71.6","25.8 %","77.2","","","","","0.3 %","13143"
"Roberto Hernandez","- - -","55.3 %","89.0","15.6 %","84.4","","","","","29.1 %","82.7","","","","","0.4 %","3273"
"Justin Nicolino","Marlins","53.9 %","89.0","","","17.9 %","86.0","10.2 %","76.4","18.0 %","82.0","","","","","0.5 %","11754"
"Kyle Kendrick","Rockies","46.1 %","89.0","","","25.6 %","86.5","8.0 %","78.8","20.2 %","81.5","","","","","0.4 %","6230"
"Seth Maness","Cardinals","67.1 %","88.9","12.5 %","80.8","","","","","20.4 %","83.0","","","","","1.8 %","12235"
"Jerry Blevins","Mets","61.0 %","88.9","","","","","33.1 %","70.9","5.9 %","82.7","","","","","1.7 %","7841"
"Cody Martin","- - -","57.5 %","88.9","20.8 %","83.6","","","18.3 %","73.5","3.4 %","83.1","","","","","0.5 %","12182"
"Brett Oberholtzer","- - -","58.2 %","88.9","","","4.9 %","82.3","12.7 %","79.1","24.2 %","80.0","","","","","0.2 %","3855"
"Chris Heston","- - -","60.6 %","88.9","13.4 %","76.5","","","14.0 %","74.0","12.0 %","82.0","","","","","0.7 %","10302"
"Marco Estrada","Blue Jays","51.0 %","88.8","","","10.0 %","86.7","9.9 %","76.8","29.1 %","77.8","","","","","0.2 %","1118"
"Kyle Ryan","Tigers","59.6 %","88.8","3.6 %","76.2","23.6 %","84.9","4.2 %","78.5","9.1 %","82.4","","","","","1.1 %","11753"
"Burke Badenhop","Reds","58.7 %","88.6","15.7 %","81.5","","","","","25.7 %","83.4","","","","","1.4 %","9736"
"Sean Gilmartin","Mets","44.3 %","88.6","28.2 %","78.6","","","7.0 %","69.9","20.5 %","77.4","","","","","1.9 %","12781"
"Chris Capuano","- - -","45.5 %","88.6","27.2 %","81.7","","","4.0 %","74.4","23.3 %","77.8","","","","","1.0 %","1701"
"Yusmeiro Petit","- - -","49.4 %","88.6","17.8 %","85.1","","","19.6 %","77.0","13.2 %","81.6","","","","","0.9 %","4020"
"Huston Street","Angels","42.4 %","88.4","36.7 %","83.1","","","","","20.9 %","81.2","","","","","2.0 %","8258"
"Blaine Hardy","Tigers","43.6 %","88.4","15.1 %","84.0","","","21.7 %","76.4","19.6 %","79.1","","","","","0.9 %","6499"
"Wandy Rodriguez","Rangers","60.9 %","88.4","","","","","34.4 %","74.5","4.8 %","81.9","","","","","0.3 %","2586"
"Joe Smith","- - -","66.3 %","88.3","31.4 %","80.0","","","","","2.3 %","78.6","","","","","1.4 %","3281"
"Carlos Villanueva","- - -","44.2 %","88.2","32.2 %","82.5","","","10.4 %","72.6","13.2 %","81.5","","","","","1.0 %","4138"
"Tim Hudson","Giants","54.6 %","88.1","24.3 %","82.2","","","11.4 %","75.2","","","9.7 %","80.4","","","0.3 %","921"
"Bartolo Colon","- - -","86.7 %","88.1","7.4 %","82.1","0.2 %","87.7","","","5.8 %","81.2","","","","","0.5 %","375"
"Hisashi Iwakuma","Mariners","46.7 %","87.9","18.9 %","80.9","5.7 %","84.9","8.3 %","71.2","","","20.5 %","83.5","","","0.3 %","13048"
"Josh Tomlin","Indians","42.3 %","87.9","","","35.7 %","85.2","14.7 %","75.0","7.3 %","83.1","","","","","0.2 %","9388"
"Kyle Hendricks","Cubs","66.6 %","87.8","","","2.1 %","87.7","7.7 %","76.0","23.6 %","80.0","","","","","0.4 %","12049"
"Tommy Milone","- - -","47.6 %","87.8","0.2 %","79.3","12.1 %","86.5","12.3 %","73.8","27.9 %","81.3","","","","","0.4 %","7608"
"A.J. Griffin","Rangers","54.0 %","87.7","17.2 %","83.3","","","19.2 %","66.6","9.7 %","80.9","","","","","0.2 %","11132"
"Colby Lewis","Rangers","51.1 %","87.7","34.1 %","82.4","","","8.0 %","76.7","6.8 %","82.8","","","","","0.2 %","1259"
"Justin Masterson","Red Sox","68.8 %","87.4","31.2 %","78.5","","","","","","","","","","","0.1 %","2038"
"Tim Lincecum","- - -","46.2 %","87.4","16.3 %","79.7","","","11.2 %","73.7","26.3 %","81.1","","","","","0.3 %","5705"
"Chris Young","Royals","52.1 %","87.1","46.2 %","81.3","","","0.2 %","70.8","1.5 %","80.0","","","","","0.3 %","3196"
"Mike Bolsinger","Dodgers","44.8 %","87.1","20.5 %","79.9","","","34.0 %","79.0","0.8 %","82.7","","","","","0.6 %","11137"
"Jason Vargas","Royals","55.3 %","86.9","","","","","13.9 %","74.0","30.8 %","80.4","","","","","0.4 %","8044"
"Sergio Romo","- - -","33.1 %","86.9","62.6 %","77.0","","","","","4.3 %","81.6","","","","","1.0 %","9817"
"Koji Uehara","- - -","46.7 %","86.9","","","3.3 %","81.7","","","","","50.1 %","78.8","","","0.5 %","9227"
"Wade LeBlanc","- - -","34.6 %","86.9","0.1 %","86.0","29.3 %","84.2","6.8 %","74.1","29.2 %","77.8","","","","","","5221"
"Kyle Lobstein","- - -","61.2 %","86.7","","","18.6 %","81.8","7.3 %","75.6","13.0 %","79.3","","","","","0.6 %","9178"
"Doug Fister","- - -","67.2 %","86.7","11.8 %","82.3","0.0 %","85.0","11.9 %","70.6","9.1 %","78.9","","","","","0.3 %","9425"
"Darren O'Day","Orioles","54.8 %","86.6","45.0 %","79.4","","","","","0.3 %","79.2","","","","","0.5 %","3321"
"J.P. Howell","- - -","55.3 %","86.1","","","","","40.9 %","79.1","3.8 %","80.5","","","","","0.5 %","8245"
"Dan Haren","- - -","37.7 %","86.1","","","40.9 %","83.4","14.3 %","76.4","","","7.1 %","82.0","","","0.3 %","1757"
"Alex Claudio","Rangers","51.9 %","85.4","16.2 %","74.5","7.4 %","79.3","","","24.6 %","67.9","","","","","0.7 %","12890"
"Josh Collmenter","- - -","65.9 %","84.7","","","","","6.2 %","70.2","27.9 %","76.5","","","","","0.6 %","7312"
"Javier Lopez","Giants","72.6 %","84.4","4.4 %","71.5","20.0 %","77.7","","","3.0 %","77.8","","","","","1.2 %","1663"
"Pat Venditte","- - -","47.9 %","84.3","50.7 %","72.7","","","","","1.5 %","78.0","","","","","0.6 %","7108"
"Brad Ziegler","- - -","61.2 %","83.8","14.9 %","73.5","","","","","23.9 %","76.6","","","","","1.9 %","7293"
"Mark Buehrle","Blue Jays","50.6 %","83.4","","","15.7 %","79.4","8.5 %","71.3","25.2 %","78.6","","","","","0.4 %","225"
"Steven Wright","Red Sox","13.3 %","83.3","","","","","2.1 %","66.2","","","","","84.5 %","73.2","0.1 %","8185"
"Jered Weaver","- - -","45.4 %","83.2","14.5 %","76.6","","","21.9 %","68.5","18.3 %","74.9","","","","","0.4 %","4235"
"R.A. Dickey","- - -","11.6 %","81.9","","","","","0.3 %","70.3","2.7 %","71.3","","","85.4 %","76.1","0.1 %","1245"
"Bryan Shaw","Indians","","","18.7 %","80.9","81.1 %","92.9","","","","","0.3 %","83.8","","","0.7 %","8110"
