"pitches","player_id","player_name","total_pitches","pitch_percent","ba","iso","babip","slg","woba","xwoba","xba","hits","abs","launch_speed","launch_angle","spin_rate","velocity","effective_speed","whiffs","swings","takes","eff_min_vel","release_extension"
"489",491708,"Arquimedes Caminero","2332","20.97","0.192","0.111","0.221","0.303","0.269","0.288","0.216","19","99","82.3","7.4","2257","92.0","91.94","62","229","258","-0.1","6.32"
"125",456713,"Matt Bush","942","13.27","0.226","0.032","0.280","0.258","0.215","0.224","0.216","7","31","75.8","8.3","2512","91.9","91.70","16","65","60","-0.2","5.87"
"679",592789,"Noah Syndergaard","5315","12.78","0.166","0.062","0.320","0.228","0.189","0.183","0.152","32","193","83.0","3.5","2068","91.1","91.79","191","391","286","0.7","6.70"
"142",606983,"Koda Glover","312","45.51","0.088","0.029","0.143","0.118","0.090","0.135","0.133","3","34","79.4","22.0","2456","90.6","90.45","27","78","64","-0.2","5.98"
"507",502028,"Blake Wood","1438","35.26","0.197","0.189","0.225","0.385","0.302","0.285","0.183","24","122","83.2","11.6","2306","90.4","90.10","85","267","239","-0.3","6.09"
"2254",453562,"Jake Arrieta","8979","25.10","0.193","0.096","0.251","0.289","0.245","0.197","0.148","127","658","82.5","8.6","2282","90.3","89.86","343","1270","959","-0.4","5.93"
"157",459429,"Jake McGee","2613","6.01","0.219","0.125","0.200","0.344","0.256","0.399","0.330","7","32","88.0","17.8","2179","90.2","89.88","12","70","86","-0.3","5.96"
"239",543881,"Pedro Villarreal","1006","23.76","0.270","0.095","0.327","0.365","0.298","0.167","0.130","17","63","84.7","17.3","2260","90.1","89.68","27","140","95","-0.4","6.09"
"492",446099,"John Axford","3304","14.89","0.209","0.110","0.239","0.319","0.268","0.249","0.183","19","91","85.4","7.4","2259","89.9","90.78","50","186","304","0.9","6.36"
"185",607352,"Joe Biagini","1117","16.56","0.293","0.122","0.393","0.415","0.342","0.296","0.256","12","41","85.8","8.4","2187","89.8","89.28","42","101","84","-0.5","6.07"
"126",545064,"Jairo Diaz","368","34.24","0.182","0.152","0.417","0.333","0.258","0.173","0.111","6","33","87.5","8.8","2149","89.8","89.42","28","60","66","-0.4","5.80"
"717",518774,"Matt Harvey","4313","16.62","0.218","0.102","0.285","0.320","0.251","0.213","0.187","43","197","81.4","6.3","2288","89.7","89.05","135","371","337","-0.6","5.96"
"269",592341,"David Goforth","599","44.91","0.224","0.149","0.302","0.373","0.270","0.241","0.199","15","67","81.7","6.6","2230","89.5","89.76","50","139","127","0.3","6.34"
"496",554430,"Zack Wheeler","3308","14.99","0.229","0.107","0.321","0.336","0.274","0.045","0.000","30","131","null","null","null","89.5","null","71","236","255","null","null"
"463",544931,"Stephen Strasburg","7723","6.00","0.284","0.193","0.329","0.477","0.317","0.254","0.227","31","109","79.3","8.3","2269","89.4","90.82","66","230","229","1.4","6.71"
"407",433586,"Santiago Casilla","2718","14.97","0.215","0.178","0.266","0.393","0.258","0.186","0.150","23","107","85.1","17.2","2360","89.3","89.54","59","189","213","0.2","6.26"
"2578",446372,"Corey Kluber","9963","25.88","0.224","0.101","0.283","0.325","0.263","0.186","0.141","142","634","81.5","12.0","2546","89.3","89.46","506","1508","1049","0.2","6.06"
"747",622663,"Luis Severino","2294","32.56","0.231","0.126","0.286","0.357","0.287","0.283","0.225","42","182","84.2","7.8","2202","89.2","88.66","80","329","413","-0.5","6.01"
"489",518858,"Nate Jones","1320","37.05","0.081","0.051","0.188","0.132","0.112","0.124","0.095","11","136","82.0","7.8","2301","89.2","87.82","134","253","233","-1.4","5.51"
"1274",594798,"Jacob deGrom","7566","16.84","0.228","0.066","0.290","0.293","0.247","0.206","0.165","66","290","82.9","11.7","2373","89.1","90.45","166","609","654","1.3","6.77"
"105",596331,"Nefi Ogando","311","33.76","0.179","0.000","0.217","0.179","0.173","0.235","0.225","5","28","81.7","9.4","2184","89.1","88.81","15","54","51","-0.3","6.18"
"594",451216,"Brian Wilson","1020","58.24","0.248","0.124","0.316","0.372","0.322","0.091","0.000","28","113","null","null","null","89.0","null","44","228","360","null","null"
"162",606930,"Jacob Barnes","405","40.00","0.233","0.047","0.417","0.279","0.220","0.184","0.179","10","43","80.1","2.5","2294","89.0","89.53","48","91","70","0.5","6.56"
"479",456051,"Hector Noesi","3363","14.24","0.348","0.170","0.366","0.518","0.383","0.111","0.090","39","112","83.9","14.9","2112","88.9","88.88","53","222","257","0.0","5.97"
"621",547179,"Michael Lorenzen","2754","22.55","0.209","0.135","0.262","0.345","0.266","0.261","0.214","31","148","83.2","3.5","2332","88.9","88.27","93","307","310","-0.6","5.78"
"861",592351,"Jon Gray","3475","24.78","0.179","0.093","0.331","0.272","0.215","0.205","0.169","46","257","82.3","11.2","2328","88.9","89.64","210","489","369","0.7","6.65"
"374",543017,"Hunter Cervenka","759","49.28","0.122","0.061","0.189","0.183","0.170","0.183","0.146","10","82","79.9","14.7","2487","88.8","87.82","54","178","193","-1.0","5.62"
"145",607229,"Robert Gsellman","713","20.34","0.172","0.000","0.294","0.172","0.221","0.287","0.219","5","29","84.9","1.2","2378","88.7","87.81","28","75","69","-0.9","5.88"
"122",502462,"Ryan Kelly","259","47.10","0.219","0.281","0.190","0.500","0.334","0.228","0.147","7","32","84.3","3.9","2170","88.7","87.89","19","62","60","-0.8","5.70"
"307",520980,"Pedro Baez","2361","13.00","0.164","0.090","0.204","0.254","0.187","0.200","0.171","11","67","81.2","2.1","1899","88.6","88.19","41","125","182","-0.4","5.94"
"1015",502272,"Casey Fien","2629","38.61","0.258","0.197","0.268","0.455","0.305","0.197","0.163","81","314","86.0","13.7","2439","88.6","88.00","129","578","435","-0.6","5.84"
"627",519151,"Ryan Pressly","2031","30.87","0.275","0.099","0.319","0.373","0.293","0.234","0.198","39","142","84.0","3.5","2552","88.5","87.74","111","328","298","-0.8","5.70"
"351",592390,"Heath Hembree","1428","24.58","0.265","0.142","0.306","0.407","0.301","0.255","0.220","30","113","81.7","14.8","2477","88.5","89.23","52","209","141","0.7","6.51"
"644",605242,"Michael Fulmer","2473","26.04","0.207","0.110","0.277","0.317","0.271","0.269","0.201","30","145","83.9","15.0","2413","88.5","88.19","97","296","342","-0.3","6.00"
"193",457915,"Javy Guerra","942","20.49","0.238","0.190","0.273","0.429","0.310","0.069","0.022","10","42","81.5","26.0","2085","88.5","85.37","26","94","98","-3.1","5.65"
"2376",477132,"Clayton Kershaw","8181","29.04","0.156","0.075","0.257","0.231","0.181","0.138","0.113","98","627","84.1","5.6","2241","88.4","87.70","648","1457","908","-0.7","5.92"
"299",543746,"Rob Scahill","1311","22.81","0.260","0.247","0.288","0.506","0.334","0.234","0.180","20","77","87.3","13.2","2453","88.4","87.11","41","145","153","-1.3","5.61"
"578",547973,"Aroldis Chapman","3080","18.77","0.133","0.088","0.241","0.221","0.212","0.147","0.074","15","113","80.5","17.3","1995","88.4","88.09","133","263","311","-0.3","6.47"
"141",502264,"Nate Adcock","520","27.12","0.257","0.229","0.389","0.486","0.335","0.214","0.169","9","35","87.9","15.8","2337","88.4","88.72","23","61","80","0.3","6.01"
"318",642003,"Cody Reed","884","35.97","0.293","0.160","0.426","0.453","0.336","0.314","0.256","22","75","79.3","3.8","2372","88.4","87.61","52","176","136","-0.8","5.91"
"149",523848,"Jose Dominguez","770","19.35","0.250","0.306","0.250","0.556","0.336","0.231","0.184","9","36","83.7","9.1","2256","88.3","88.63","16","64","83","0.3","6.04"
"508",542609,"Enrique Burgos","1248","40.71","0.252","0.171","0.364","0.423","0.298","0.292","0.241","31","123","85.9","15.2","2289","88.2","87.87","92","239","267","-0.3","5.96"
"498",276542,"Joaquin Benoit","2684","18.55","0.152","0.114","0.155","0.267","0.234","0.243","0.168","16","105","81.5","11.9","2367","88.2","87.31","102","256","237","-0.9","6.08"
"134",592815,"Sam Tuivailala","517","25.92","0.306","0.028","0.423","0.333","0.296","0.241","0.233","11","36","88.8","6.0","2006","88.2","88.12","17","57","76","-0.1","6.34"
"732",543475,"Jordan Lyles","3828","19.12","0.249","0.152","0.298","0.401","0.299","0.169","0.121","49","197","84.4","10.0","2137","88.2","89.37","85","372","355","1.2","6.40"
"1234",285064,"Ryan Vogelsong","6759","18.26","0.203","0.156","0.250","0.359","0.283","0.195","0.122","56","276","85.5","12.8","1996","88.2","88.43","89","493","737","0.2","6.48"
"122",504083,"Jorge Rondon","386","31.61","0.270","0.216","0.276","0.486","0.332","0.297","0.272","10","37","88.1","7.9","2005","88.2","87.95","17","69","53","-0.2","6.08"
"3651",502042,"Chris Archer","10018","36.44","0.192","0.096","0.296","0.288","0.233","0.190","0.145","200","1041","84.3","9.5","2123","88.2","87.59","728","1914","1730","-0.6","5.54"
"810",455009,"Jonathan Broxton","2903","27.90","0.194","0.092","0.279","0.286","0.226","0.194","0.161","42","217","81.7","10.5","2029","88.1","88.30","140","423","383","0.2","6.43"
"221",115629,"LaTroy Hawkins","1385","15.96","0.183","0.211","0.205","0.394","0.251","0.116","0.076","13","71","84.3","10.8","2066","88.1","87.02","27","119","102","-1.1","5.87"
"823",544727,"Jeurys Familia","3656","22.51","0.171","0.062","0.337","0.233","0.203","0.131","0.098","33","193","82.7","6.7","2230","88.0","87.43","210","398","422","-0.6","5.60"
"1756",519455,"Jordan Zimmermann","7734","22.70","0.230","0.094","0.295","0.325","0.259","0.203","0.164","122","530","82.4","12.1","2350","88.0","87.32","284","1014","732","-0.7","5.88"
"1046",543506,"Brandon Maurer","3153","33.17","0.236","0.110","0.298","0.346","0.270","0.174","0.139","58","246","83.0","5.2","2436","88.0","86.31","151","471","572","-1.7","5.65"
"219",571927,"Steven Matz","2729","8.02","0.242","0.065","0.304","0.306","0.258","0.213","0.184","15","62","79.0","11.9","2112","87.9","87.91","30","129","88","0.0","6.37"
"1035",445197,"Mike Dunn","2695","38.40","0.214","0.089","0.277","0.304","0.252","0.167","0.134","48","224","82.4","14.6","2272","87.9","87.55","140","449","579","-0.4","6.20"
"381",571871,"Ian Krol","2038","18.69","0.250","0.054","0.325","0.304","0.250","0.244","0.216","28","112","83.5","5.4","2385","87.9","86.12","67","214","167","-1.8","5.13"
"224",571584,"Caleb Cotham","610","36.72","0.279","0.180","0.319","0.459","0.340","0.359","0.291","17","61","87.5","12.4","2588","87.9","87.12","33","119","102","-0.8","5.81"
"872",429781,"Kevin Correia","2943","29.63","0.296","0.135","0.321","0.430","0.341","0.090","0.035","66","223","86.1","10.4","2449","87.8","86.03","70","440","429","-1.8","5.90"
"997",475479,"David Phelps","5283","18.87","0.242","0.060","0.309","0.302","0.276","0.151","0.099","52","215","80.6","15.4","2281","87.8","86.98","54","364","625","-0.8","5.46"
"659",452666,"Tom Wilhelmsen","3096","21.29","0.213","0.170","0.225","0.383","0.280","0.195","0.134","30","141","82.0","17.6","2131","87.8","86.58","93","311","344","-1.2","5.76"
"2014",572070,"Garrett Richards","6492","31.02","0.176","0.095","0.286","0.271","0.226","0.166","0.110","82","465","85.7","1.2","2727","87.8","86.31","370","882","1123","-1.5","5.41"
"1064",471911,"Carlos Carrasco","6981","15.24","0.183","0.097","0.296","0.280","0.207","0.140","0.113","62","339","82.2","8.7","2308","87.8","88.37","307","657","405","0.6","6.17"
"717",430661,"Dustin McGowan","2956","24.26","0.177","0.138","0.211","0.315","0.239","0.117","0.068","32","181","84.4","5.8","2232","87.8","87.76","137","344","370","0.0","6.40"
"1225",572888,"Shane Greene","3672","33.36","0.233","0.130","0.289","0.363","0.283","0.195","0.144","75","322","81.5","16.3","2506","87.7","86.17","198","662","557","-1.5","5.37"
"173",502239,"Trevor Cahill","3769","4.59","0.255","0.059","0.342","0.314","0.283","0.216","0.169","13","51","86.0","5.0","1958","87.7","87.51","27","100","73","-0.2","6.08"
"2544",451596,"Yovani Gallardo","8549","29.76","0.297","0.154","0.327","0.452","0.348","0.226","0.176","185","622","83.5","14.3","2226","87.6","86.75","244","1189","1344","-0.9","5.68"
"257",460283,"Jerry Blevins","1759","14.61","0.325","0.150","0.343","0.475","0.370","0.109","0.047","13","40","79.6","17.0","2180","87.6","88.35","19","99","154","0.7","6.48"
"352",453344,"Brandon Morrow","1335","26.37","0.217","0.113","0.282","0.330","0.250","0.176","0.147","23","106","87.6","8.1","2139","87.6","87.90","48","185","166","0.3","6.16"
"641",456701,"Homer Bailey","2907","22.05","0.215","0.134","0.252","0.349","0.275","0.099","0.049","40","186","85.4","-0.4","1861","87.6","87.51","95","337","298","-0.1","6.31"
"1468",607074,"Carlos Rodon","5236","28.04","0.149","0.077","0.277","0.226","0.198","0.194","0.143","58","389","83.1","14.3","2208","87.5","86.56","292","729","733","-0.9","5.73"
"226",596043,"Daniel Mengden","1309","17.27","0.281","0.070","0.357","0.351","0.299","0.355","0.293","16","57","83.2","7.8","2258","87.5","87.23","27","109","117","-0.3","5.96"
"418",500724,"JC Ramirez","1655","25.26","0.250","0.240","0.239","0.490","0.324","0.281","0.226","25","100","83.9","5.2","2059","87.5","87.27","60","202","215","-0.2","6.14"
"729",425786,"Scott Atchison","1375","53.02","0.223","0.152","0.227","0.374","0.272","0.109","0.064","47","211","86.1","16.4","2216","87.5","84.95","88","378","345","-2.6","5.46"
"548",458681,"Lance Lynn","6504","8.43","0.269","0.142","0.320","0.410","0.316","0.170","0.127","36","134","86.6","15.4","2307","87.5","86.28","58","237","310","-1.2","5.62"
"522",572750,"Eddie Butler","2696","19.36","0.279","0.218","0.351","0.497","0.353","0.297","0.227","41","147","86.2","5.8","2294","87.5","86.68","81","245","271","-0.8","5.62"
"964",543935,"Alex Wilson","2556","37.72","0.255","0.116","0.303","0.371","0.287","0.242","0.197","64","251","85.0","11.9","2382","87.5","87.32","139","513","446","-0.2","6.11"
"3050",518516,"Madison Bumgarner","10256","29.74","0.237","0.120","0.302","0.357","0.277","0.202","0.156","185","781","84.6","7.9","2247","87.5","87.02","409","1594","1435","-0.5","6.27"
"1425",543037,"Gerrit Cole","7378","19.31","0.224","0.113","0.354","0.337","0.261","0.177","0.138","85","380","83.4","8.1","2067","87.4","87.34","280","712","706","-0.1","5.97"
"321",545332,"Jake Barrett","955","33.61","0.131","0.071","0.233","0.202","0.181","0.178","0.125","11","84","82.3","14.7","1973","87.4","86.85","88","161","158","-0.6","5.73"
"201",449173,"Lucas Harrell","1117","17.99","0.216","0.054","0.276","0.270","0.238","0.236","0.201","8","37","81.2","17.1","2174","87.4","87.14","16","74","126","-0.3","6.08"
"530",521230,"Liam Hendriks","2666","19.88","0.252","0.116","0.362","0.367","0.273","0.150","0.129","37","147","83.1","4.6","1983","87.4","88.29","100","279","250","0.9","6.65"
"1348",519076,"Jimmy Nelson","6885","19.58","0.160","0.115","0.236","0.275","0.206","0.160","0.117","57","357","83.2","13.3","1991","87.4","86.82","254","689","645","-0.6","5.80"
"1418",476589,"Adam Warren","4677","30.32","0.241","0.114","0.297","0.355","0.281","0.202","0.157","85","352","83.7","11.6","2215","87.4","87.03","175","685","728","-0.4","5.83"
"195",502593,"Jake Petricka","2137","9.12","0.241","0.093","0.316","0.333","0.266","0.131","0.109","13","54","86.1","8.5","1951","87.4","89.82","30","99","95","2.4","6.90"
"796",462985,"Franklin Morales","3437","23.16","0.272","0.184","0.304","0.456","0.340","0.142","0.080","56","206","85.8","9.1","2175","87.4","86.66","105","426","362","-0.7","5.20"
"150",572096,"Trevor Rosenthal","3330","4.50","0.324","0.135","0.429","0.459","0.358","0.225","0.199","12","37","84.6","16.4","2020","87.3","86.59","17","65","85","-0.7","5.78"
"267",621242,"Edwin Diaz","831","32.13","0.141","0.035","0.343","0.176","0.171","0.151","0.119","12","85","82.5","13.8","2235","87.3","86.97","93","163","102","-0.3","6.22"
"389",543339,"Daniel Hudson","2322","16.75","0.193","0.120","0.241","0.313","0.223","0.231","0.198","16","83","87.4","12.4","2307","87.3","87.22","65","172","216","-0.1","6.09"
"1139",543883,"Nick Vincent","2211","51.52","0.265","0.177","0.287","0.442","0.320","0.210","0.161","75","283","83.8","16.3","2483","87.3","86.39","127","627","503","-0.9","5.77"
"236",621199,"Matt Bowman","1060","22.26","0.250","0.167","0.255","0.417","0.318","0.276","0.222","15","60","81.0","9.3","2265","87.2","86.17","28","111","122","-1.0","5.84"
"195",434637,"Matt Lindstrom","555","35.14","0.289","0.053","0.393","0.342","0.302","0.050","0.000","11","38","null","null","null","87.2","null","28","85","109","null","null"
"286",572102,"Keyvius Sampson","1841","15.54","0.254","0.068","0.275","0.322","0.290","0.322","0.258","15","59","81.4","12.8","2267","87.2","87.24","29","126","160","0.0","6.22"
"313",641771,"Chad Kuhl","1142","27.41","0.156","0.104","0.220","0.260","0.224","0.242","0.173","12","77","82.0","11.7","2314","87.2","86.99","58","151","160","-0.2","6.16"
"356",532077,"Roberto Osuna","2226","15.99","0.151","0.179","0.196","0.330","0.215","0.227","0.195","16","106","81.2","12.5","2253","87.2","86.07","92","199","157","-1.1","5.73"
"1546",434378,"Justin Verlander","9227","16.76","0.194","0.083","0.248","0.277","0.228","0.170","0.130","84","433","83.2","18.0","2428","87.2","87.28","237","829","712","0.1","5.98"
"213",542866,"Austin Adams","945","22.54","0.220","0.136","0.343","0.356","0.261","0.214","0.180","13","59","87.9","12.7","2192","87.2","87.16","39","100","113","0.0","5.98"
"2770",475115,"Tyson Ross","6444","42.99","0.207","0.086","0.320","0.293","0.251","0.141","0.096","149","721","84.1","1.0","2434","87.1","85.54","641","1455","1287","-1.6","5.19"
"1398",543101,"Anthony DeSclafani","5429","25.75","0.226","0.126","0.331","0.351","0.268","0.216","0.173","88","390","84.0","8.2","2108","87.1","87.75","262","707","684","0.7","6.27"
"573",471822,"Jumbo Diaz","2376","24.12","0.198","0.164","0.284","0.362","0.267","0.157","0.107","23","116","81.3","9.6","2083","87.1","86.82","101","261","310","-0.3","6.31"
"155",593576,"Hector Neris","2048","7.57","0.368","0.368","0.400","0.737","0.466","0.383","0.308","14","38","83.3","17.8","1848","87.1","85.68","16","68","87","-1.4","5.51"
"177",607625,"Seth Lugo","961","18.42","0.225","0.100","0.243","0.325","0.237","0.301","0.240","9","40","81.9","14.1","2336","87.1","86.84","22","85","87","-0.3","6.20"
"155",453156,"Brooks Brown","979","15.83","0.238","0.095","0.313","0.333","0.268","0.179","0.157","5","21","80.0","26.5","1970","87.1","85.42","19","59","96","-1.7","6.26"
"701",595014,"Blake Treinen","2767","25.33","0.134","0.090","0.264","0.224","0.166","0.142","0.106","27","201","84.2","7.0","2400","87.0","85.50","159","358","341","-1.5","5.09"
"261",592346,"Chi Chi Gonzalez","1297","20.12","0.203","0.063","0.235","0.266","0.221","0.289","0.253","13","64","86.7","10.0","2252","87.0","86.11","26","130","130","-0.9","5.49"
"401",541652,"Bruce Rondon","1143","35.08","0.119","0.059","0.268","0.178","0.180","0.168","0.114","12","101","79.6","11.2","2125","87.0","86.56","107","206","194","-0.4","6.17"
"329",548389,"Ross Stripling","1590","20.69","0.275","0.088","0.329","0.363","0.309","0.295","0.246","28","102","85.3","6.4","2253","86.9","86.03","36","186","142","-0.9","5.61"
"351",150274,"Joe Nathan","1191","29.47","0.209","0.143","0.298","0.352","0.278","0.080","0.016","19","91","88.0","33.5","2152","86.9","85.07","69","178","172","-1.8","5.51"
"220",542432,"Jose Ramirez","990","22.22","0.255","0.106","0.375","0.362","0.295","0.220","0.159","12","47","80.4","23.0","2228","86.9","86.71","27","87","131","-0.2","6.12"
"104",473646,"Josh Zeid","378","27.51","0.296","0.259","0.353","0.556","0.384","0.048","0.000","8","27","null","null","null","86.9","null","22","53","50","null","null"
"426",571521,"Rex Brothers","1266","33.65","0.196","0.049","0.317","0.245","0.253","0.124","0.044","20","102","83.1","5.2","2029","86.9","84.48","97","212","212","-2.4","5.17"
"235",430613,"Ronald Belisario","1237","19.00","0.246","0.154","0.283","0.400","0.284","0.028","0.019","16","65","85.2","9.0","1562","86.8","84.15","25","117","118","-2.7","5.80"
"389",501822,"Chris Hatcher","2344","16.60","0.218","0.064","0.288","0.282","0.239","0.178","0.145","17","78","82.2","11.2","2186","86.8","84.78","45","160","227","-2.0","5.28"
"1356",429719,"Edwin Jackson","4772","28.42","0.232","0.161","0.320","0.393","0.284","0.167","0.119","82","354","85.0","11.4","2125","86.7","86.81","257","709","642","0.1","6.16"
"659",430641,"Blaine Boyer","2611","25.24","0.233","0.092","0.273","0.325","0.253","0.213","0.195","38","163","79.0","14.5","2400","86.7","85.70","88","339","317","-1.0","5.46"
"190",457754,"Jon Edwards","479","39.67","0.119","0.095","0.174","0.214","0.182","0.144","0.073","5","42","84.0","22.8","2422","86.7","85.47","31","81","109","-1.2","5.46"
"1020",425840,"Neal Cotts","2153","47.38","0.255","0.116","0.291","0.371","0.284","0.146","0.109","66","259","83.7","10.4","2012","86.7","85.71","131","531","480","-1.0","5.92"
"412",628333,"Odrisamer Despaigne","4172","9.88","0.372","0.233","0.380","0.605","0.407","0.178","0.155","32","86","84.8","15.8","2274","86.7","86.75","21","170","239","0.1","5.96"
"553",502009,"Mat Latos","4521","12.23","0.214","0.135","0.256","0.349","0.264","0.198","0.155","27","126","84.5","12.0","1935","86.7","85.74","80","268","284","-1.0","5.95"
"1250",571704,"Ken Giles","2996","41.72","0.128","0.061","0.296","0.189","0.162","0.129","0.094","40","312","81.9","12.3","2138","86.7","84.52","359","657","589","-2.2","5.12"
"111",593423,"Frankie Montas","286","38.81","0.121","0.061","0.267","0.182","0.163","0.198","0.144","4","33","84.0","15.5","1302","86.7","85.73","23","56","55","-1.0","5.71"
"564",523260,"Joe Kelly","4697","12.01","0.284","0.254","0.369","0.537","0.349","0.241","0.195","38","134","87.0","9.3","2046","86.7","85.80","105","267","294","-0.9","5.67"
"249",503444,"Joel De La Cruz","1008","24.70","0.210","0.210","0.213","0.419","0.285","0.336","0.255","13","62","83.4","20.1","2255","86.6","85.74","32","127","120","-0.9","5.72"
"204",624586,"James Hoyt","375","54.40","0.130","0.152","0.200","0.283","0.201","0.207","0.143","6","46","81.8","-4.0","2395","86.6","86.01","48","108","94","-0.6","5.99"
"339",516935,"Stolmy Pimentel","758","44.72","0.224","0.118","0.375","0.342","0.267","0.094","0.065","17","76","89.3","10.8","2074","86.6","88.53","69","168","168","1.9","6.56"
"1350",434671,"Anibal Sanchez","7207","18.73","0.253","0.172","0.284","0.424","0.312","0.210","0.155","87","344","83.6","17.1","2337","86.6","86.06","165","656","684","-0.5","6.01"
"345",489334,"Craig Stammen","1200","28.75","0.163","0.087","0.226","0.250","0.203","0.050","0.016","15","92","94.4","-4.9","2130","86.6","86.59","68","188","155","0.0","6.61"
"118",519169,"Rob Rasmussen","514","22.96","0.227","0.136","0.364","0.364","0.308","0.302","0.223","5","22","89.1","16.6","2135","86.6","84.74","21","55","63","-1.9","5.31"
"156",571945,"Miles Mikolas","931","16.76","0.267","0.244","0.375","0.511","0.345","0.030","0.000","12","45","null","null","null","86.6","null","28","79","77","null","null"
"198",599998,"Leonel Campos","538","36.80","0.188","0.083","0.308","0.271","0.242","0.168","0.108","9","48","77.2","-12.0","1969","86.6","85.41","47","91","107","-1.2","5.44"
"134",572831,"Josh Edgin","575","23.30","0.083","0.000","0.118","0.083","0.114","0.122","0.039","2","24","85.7","20.9","2193","86.6","87.29","26","62","71","0.7","6.39"
"845",592665,"Addison Reed","3114","27.14","0.225","0.128","0.302","0.353","0.264","0.159","0.129","49","218","83.5","8.4","1962","86.5","87.30","150","414","429","0.8","6.69"
"1963",502188,"Jeff Samardzija","9868","19.89","0.239","0.174","0.273","0.412","0.291","0.223","0.174","110","461","86.1","15.7","2268","86.5","86.00","272","944","1013","-0.5","5.94"
"175",592781,"Matt Stites","729","24.01","0.302","0.116","0.464","0.419","0.330","0.114","0.090","13","43","91.8","19.1","1795","86.5","85.36","26","77","98","-1.1","5.46"
"357",453172,"Jared Hughes","2758","12.94","0.258","0.172","0.429","0.430","0.323","0.189","0.125","24","93","84.3","17.3","1927","86.5","86.07","91","185","168","-0.4","6.24"
"108",572044,"Brooks Pounders","249","43.37","0.286","0.214","0.353","0.500","0.336","0.159","0.156","8","28","78.6","17.3","2368","86.5","86.58","15","58","50","0.1","6.25"
"600",570663,"Hansel Robles","2267","26.47","0.218","0.160","0.259","0.378","0.291","0.262","0.204","26","119","85.1","12.4","2212","86.5","85.86","83","256","340","-0.6","5.92"
"365",519166,"Neil Ramirez","1463","24.95","0.127","0.101","0.200","0.228","0.208","0.145","0.059","10","79","82.1","27.5","2150","86.4","85.22","74","172","193","-1.2","6.05"
"535",593958,"Eduardo Rodriguez","3863","13.85","0.337","0.250","0.390","0.587","0.405","0.364","0.281","35","104","84.2","14.4","2082","86.4","85.87","57","227","304","-0.5","6.05"
"1972",502032,"Bud Norris","6210","31.76","0.221","0.133","0.279","0.354","0.275","0.175","0.124","115","520","85.3","9.1","2314","86.4","85.34","306","1013","943","-1.1","5.84"
"102",571476,"Chris Beck","566","18.02","0.406","0.094","0.480","0.500","0.426","0.323","0.264","13","32","85.0","16.1","2174","86.4","86.51","12","53","49","0.1","6.45"
"1909",453286,"Max Scherzer","10561","18.08","0.183","0.116","0.276","0.299","0.222","0.159","0.126","95","518","80.3","11.8","2285","86.4","86.11","492","1071","826","-0.3","5.90"
"203",608032,"Carlos Estevez","1025","19.80","0.143","0.114","0.222","0.257","0.212","0.192","0.140","5","35","81.9","16.9","2462","86.4","86.03","30","71","132","-0.4","5.71"
"557",543726,"Robbie Ross Jr.","3328","16.74","0.241","0.084","0.342","0.325","0.268","0.166","0.132","40","166","83.2","8.7","2127","86.4","86.10","95","316","233","-0.3","5.61"
"370",502304,"David Carpenter","1389","26.64","0.233","0.111","0.302","0.344","0.268","0.098","0.053","21","90","85.7","10.7","2007","86.3","86.11","63","172","198","-0.2","6.02"
"1235",504379,"Juan Nicasio","4866","25.38","0.240","0.153","0.289","0.393","0.282","0.185","0.152","86","359","84.7","10.5","1962","86.3","86.30","176","644","588","0.0","5.99"
"1612",543408,"Tom Koehler","9006","17.90","0.210","0.076","0.294","0.286","0.239","0.181","0.141","97","462","82.0","14.9","2164","86.3","84.50","293","907","694","-1.8","5.34"
"393",493200,"Seung Hwan Oh","1303","30.16","0.167","0.083","0.267","0.250","0.201","0.187","0.143","18","108","80.8","9.8","2234","86.3","85.34","108","234","156","-1.0","5.77"
"770",430589,"Chad Qualls","1964","39.21","0.199","0.131","0.263","0.331","0.236","0.168","0.127","47","236","84.2","9.8","2333","86.3","84.66","158","443","322","-1.6","5.60"
"1761",425844,"Zack Greinke","8952","19.67","0.194","0.096","0.283","0.291","0.226","0.156","0.126","105","540","85.2","8.4","2357","86.3","85.91","353","954","795","-0.4","5.67"
"617",279571,"Matt Belisle","2317","26.63","0.249","0.081","0.292","0.330","0.266","0.182","0.163","49","197","83.1","8.3","1985","86.3","87.11","81","343","269","0.8","6.83"
"779",518452,"Chad Bettis","5436","14.33","0.258","0.155","0.322","0.413","0.303","0.253","0.211","55","213","83.9","2.9","2052","86.3","85.70","114","390","383","-0.6","5.73"
"337",570632,"Jose Urena","2435","13.84","0.175","0.088","0.218","0.263","0.220","0.228","0.173","14","80","82.2","12.5","2200","86.3","85.99","45","144","191","-0.3","6.24"
"836",450275,"Mark Lowe","1826","45.78","0.221","0.158","0.315","0.379","0.271","0.198","0.162","42","190","81.9","11.3","2149","86.2","85.16","165","407","428","-1.0","5.66"
"606",548357,"Christian Bergman","2454","24.69","0.309","0.138","0.326","0.447","0.329","0.195","0.178","47","152","84.2","16.4","2151","86.2","85.38","46","321","280","-0.8","5.34"
"764",518813,"Greg Holland","1720","44.42","0.160","0.080","0.325","0.241","0.201","0.101","0.060","30","187","82.8","1.6","1811","86.2","85.02","193","369","394","-1.2","5.71"
"184",542674,"Gonzalez Germen","1955","9.41","0.190","0.119","0.241","0.310","0.214","0.159","0.138","8","42","82.2","16.6","1959","86.2","86.20","29","82","101","0.0","5.61"
"139",544759,"Bo Schultz","1024","13.57","0.191","0.085","0.258","0.277","0.214","0.197","0.164","9","47","87.7","4.3","2023","86.2","85.81","27","75","64","-0.4","6.21"
"838",501957,"Chris Tillman","9291","9.02","0.230","0.191","0.245","0.421","0.302","0.289","0.217","48","209","84.8","12.3","2228","86.2","86.27","104","407","426","0.1","6.14"
"581",542960,"Brad Brach","3650","15.92","0.220","0.034","0.299","0.254","0.234","0.198","0.169","26","118","82.9","9.7","2288","86.2","84.97","94","240","339","-1.2","5.18"
"1095",519144,"Rick Porcello","9210","11.89","0.264","0.164","0.288","0.428","0.312","0.204","0.162","77","292","81.3","13.2","2436","86.1","85.52","129","540","552","-0.6","5.92"
"283",476451,"Jeremy Hellickson","6581","4.30","0.292","0.278","0.267","0.569","0.381","0.387","0.307","21","72","81.7","20.8","2366","86.1","85.06","14","141","139","-1.0","5.71"
"580",573186,"Marcus Stroman","5557","10.44","0.247","0.108","0.353","0.355","0.276","0.204","0.167","46","186","87.7","3.3","2567","86.1","84.36","96","333","247","-1.7","5.61"
"1747",543135,"Nathan Eovaldi","7901","22.11","0.263","0.128","0.326","0.391","0.294","0.181","0.146","127","483","85.6","7.9","1838","86.1","84.53","248","892","849","-1.6","5.70"
"1089",543243,"Sonny Gray","8320","13.09","0.136","0.125","0.209","0.261","0.182","0.140","0.105","49","360","83.7","15.4","2368","86.1","85.39","234","600","484","-0.7","5.79"
"117",572089,"Paco Rodriguez","410","28.54","0.381","0.143","0.438","0.524","0.422","0.187","0.134","8","21","82.8","14.0","1973","86.1","85.94","12","46","71","-0.2","6.62"
"247",435045,"Sergio Santos","664","37.20","0.127","0.141","0.226","0.268","0.225","0.167","0.087","9","71","88.3","10.4","2017","86.1","84.61","78","140","107","-1.5","6.03"
"1267",456068,"Miguel Gonzalez","7092","17.87","0.212","0.123","0.242","0.336","0.266","0.230","0.177","62","292","82.9","15.6","2386","86.0","85.42","151","615","645","-0.6","5.63"
"421",444520,"Craig Breslow","2216","19.00","0.325","0.133","0.361","0.458","0.373","0.246","0.173","39","120","85.5","7.6","2299","86.0","84.91","49","232","186","-1.1","5.37"
"1240",456379,"Al Alburquerque","2085","59.47","0.211","0.115","0.297","0.326","0.272","0.155","0.097","59","279","85.0","10.0","2294","86.0","84.56","243","602","629","-1.4","5.20"
"883",430912,"Matt Cain","4001","22.07","0.219","0.192","0.242","0.411","0.299","0.230","0.160","48","219","82.9","11.3","2640","86.0","84.25","110","395","480","-1.8","5.19"
"192",458006,"Matt Albers","1627","11.80","0.205","0.159","0.242","0.364","0.251","0.193","0.160","9","44","81.9","15.6","2181","86.0","85.68","25","81","110","-0.3","6.26"
"127",447755,"Steve Delabar","1196","10.62","0.227","0.409","0.188","0.636","0.402","0.261","0.148","5","22","88.5","7.0","2187","86.0","85.90","20","56","70","-0.1","6.37"
"811",444468,"Hector Rondon","2863","28.33","0.171","0.074","0.274","0.245","0.197","0.166","0.133","37","216","83.3","11.8","2018","86.0","86.05","145","393","413","0.1","6.07"
"149",648737,"Dalier Hinojosa","606","24.59","0.200","0.060","0.231","0.260","0.221","0.281","0.235","10","50","87.7","9.3","2048","86.0","85.19","20","85","64","-0.8","5.91"
"901",430599,"Joe Blanton","2430","37.08","0.171","0.077","0.269","0.248","0.206","0.223","0.184","42","246","84.5","15.4","2243","85.9","84.79","203","484","416","-1.1","5.54"
"2476",501381,"Michael Pineda","6705","36.93","0.202","0.145","0.287","0.347","0.253","0.217","0.172","142","703","85.5","3.9","1953","85.9","86.01","539","1391","1078","0.1","6.54"
"611",425386,"Jeremy Guthrie","5712","10.70","0.303","0.144","0.321","0.447","0.331","0.116","0.091","40","132","85.8","14.6","2151","85.9","85.43","50","266","343","-0.5","5.60"
"361",607309,"Phil Klein","1023","35.29","0.217","0.217","0.214","0.435","0.289","0.227","0.173","20","92","79.9","15.1","2308","85.9","85.96","44","196","164","0.1","6.14"
"283",573127,"Zac Rosscup","816","34.68","0.167","0.067","0.333","0.233","0.176","0.131","0.128","10","60","81.5","5.9","1935","85.9","86.65","62","140","141","0.8","6.50"
"532",527048,"Martin Perez","5075","10.48","0.250","0.091","0.333","0.341","0.265","0.185","0.166","33","132","82.5","4.7","2199","85.8","85.24","52","236","292","-0.6","5.74"
"529",502522,"Justin Miller","1492","35.46","0.213","0.133","0.288","0.347","0.248","0.204","0.170","32","150","84.5","13.3","2351","85.8","86.45","67","257","272","0.7","6.25"
"325",400089,"Rafael Soriano","1115","29.15","0.268","0.206","0.343","0.474","0.316","0.025","0.016","26","97","89.5","18.2","1993","85.8","86.17","54","193","131","0.4","6.68"
"225",501697,"Jhan Marinez","953","23.61","0.197","0.000","0.387","0.197","0.209","0.178","0.140","12","61","84.0","12.1","2147","85.8","84.47","40","96","127","-1.3","5.43"
"764",453178,"Ian Kennedy","9693","7.88","0.264","0.142","0.295","0.405","0.324","0.232","0.173","39","148","84.1","11.4","1855","85.8","85.98","100","327","431","0.2","6.22"
"417",502578,"Aaron Barrett","1153","36.17","0.173","0.082","0.386","0.255","0.201","0.124","0.091","19","110","83.5","9.8","2056","85.8","84.22","102","208","208","-1.6","5.36"
"438",542914,"Anthony Bass","1480","29.59","0.181","0.149","0.212","0.330","0.234","0.186","0.140","17","94","85.4","12.4","1798","85.8","85.27","63","193","244","-0.5","5.79"
"238",543169,"Brian Flynn","955","24.92","0.278","0.111","0.378","0.389","0.313","0.221","0.180","15","54","81.7","9.0","2275","85.8","86.00","39","113","125","0.2","6.45"
"368",469134,"Esmil Rogers","1427","25.79","0.226","0.140","0.316","0.366","0.264","0.119","0.078","21","93","90.2","13.4","2267","85.8","83.35","70","201","167","-2.4","5.37"
"2619",434538,"Francisco Liriano","8491","30.84","0.149","0.128","0.263","0.277","0.217","0.168","0.108","105","703","84.1","9.7","2136","85.8","85.20","560","1278","1322","-0.6","5.96"
"145",605156,"Aaron Brooks","972","14.92","0.457","0.229","0.536","0.686","0.504","0.325","0.287","16","35","83.1","4.1","2066","85.8","84.40","19","70","75","-1.4","5.65"
"241",570666,"Luis Cessa","1052","22.91","0.239","0.070","0.320","0.310","0.259","0.201","0.181","17","71","80.9","0.4","2303","85.8","84.49","54","132","109","-1.3","5.49"
"301",534737,"Pat Dean","1158","25.99","0.315","0.202","0.368","0.517","0.377","0.295","0.242","28","89","85.0","15.9","1974","85.8","84.85","40","186","115","-0.9","5.81"
"301",623184,"Scott Oberg","1442","20.87","0.279","0.176","0.400","0.456","0.342","0.269","0.205","19","68","86.0","9.0","2440","85.7","85.06","56","139","161","-0.6","5.95"
"507",518927,"Tommy Layne","1800","28.17","0.248","0.114","0.293","0.362","0.309","0.256","0.180","26","105","86.0","10.1","2137","85.7","82.67","55","221","282","-3.0","4.65"
"583",468396,"Alexi Ogando","2235","26.09","0.281","0.148","0.359","0.430","0.346","0.279","0.201","38","135","83.1","7.3","2255","85.7","85.86","76","245","336","0.2","5.85"
"758",517593,"Danny Salazar","7320","10.36","0.259","0.169","0.315","0.429","0.310","0.203","0.159","49","189","85.0","12.1","2070","85.7","84.59","116","350","405","-1.1","5.60"
"524",571710,"Mychal Givens","1772","29.57","0.180","0.126","0.254","0.306","0.243","0.259","0.206","20","111","81.1","10.8","1986","85.7","85.52","86","225","298","-0.2","5.95"
"1656",488768,"Andrew Cashner","7279","22.75","0.252","0.163","0.336","0.415","0.300","0.217","0.177","105","417","84.6","7.5","2115","85.7","84.79","261","795","858","-0.9","5.54"
"109",593679,"Gabriel Ynoa","323","33.75","0.355","0.065","0.550","0.419","0.374","0.314","0.256","11","31","83.6","8.1","2177","85.6","84.61","19","59","49","-1.0","5.70"
"653",501955,"Joba Chamberlain","1930","33.83","0.230","0.197","0.304","0.427","0.312","0.168","0.104","41","178","85.6","12.9","2134","85.6","85.33","140","356","291","-0.3","5.98"
"687",461872,"Anthony Swarzak","2091","32.86","0.267","0.210","0.289","0.477","0.330","0.159","0.111","47","176","82.5","12.0","2374","85.6","85.75","101","338","347","0.1","5.64"
"239",605359,"Evan Marshall","1331","17.96","0.255","0.191","0.400","0.447","0.307","0.164","0.121","12","47","78.4","18.5","2404","85.6","84.02","47","113","125","-1.6","5.37"
"356",501985,"Mike Minor","2424","14.69","0.346","0.309","0.344","0.654","0.456","0.096","0.000","28","81","null","null","null","85.6","null","26","162","190","null","null"
"132",476570,"Vin Mazzaro","440","30.00","0.286","0.114","0.400","0.400","0.289","0.143","0.129","10","35","85.4","10.0","1950","85.6","85.51","19","62","70","-0.1","6.40"
"134",592329,"Jason Garcia","493","27.18","0.282","0.205","0.385","0.487","0.354","0.279","0.235","11","39","80.9","11.2","1981","85.5","84.76","24","60","74","-0.7","5.66"
"209",572308,"Jose Valdez","555","37.66","0.089","0.178","0.071","0.267","0.200","0.273","0.183","4","45","85.5","12.0","2195","85.5","84.45","31","88","121","-1.0","5.65"
"540",605476,"Carson Smith","1230","43.90","0.142","0.058","0.351","0.200","0.182","0.154","0.111","22","155","82.7","4.6","2605","85.5","84.10","113","227","309","-1.4","5.57"
"688",472610,"Luis Garcia","1730","39.77","0.189","0.054","0.346","0.243","0.215","0.176","0.137","28","148","81.4","10.2","1983","85.5","85.41","147","292","396","-0.1","6.39"
"286",431162,"Tim Stauffer","1480","19.32","0.314","0.171","0.388","0.486","0.373","0.130","0.063","22","70","84.5","8.7","1967","85.5","83.02","30","150","134","-2.5","5.50"
"122",594742,"Alec Asher","925","13.19","0.281","0.156","0.320","0.438","0.323","0.262","0.202","9","32","82.9","11.3","2155","85.5","84.72","14","65","57","-0.8","5.93"
"765",541640,"Erasmo Ramirez","5060","15.12","0.263","0.263","0.266","0.526","0.349","0.202","0.152","45","171","83.5","14.3","2267","85.5","84.88","119","357","406","-0.6","6.01"
"483",501625,"Jose Alvarez","1955","24.71","0.269","0.096","0.295","0.365","0.297","0.318","0.282","28","104","82.5","13.7","2219","85.5","84.92","58","238","243","-0.6","6.17"
"110",150035,"Kyle Farnsworth","479","22.96","0.444","0.185","0.571","0.630","0.450","0.045","0.000","12","27","null","null","null","85.5","null","18","49","61","null","null"
"325",543900,"Daniel Webb","1740","18.68","0.187","0.107","0.333","0.293","0.260","0.104","0.034","14","75","83.4","-6.9","2183","85.4","83.96","70","129","195","-1.4","5.42"
"122",462956,"Felipe Paulino","417","29.26","0.313","0.344","0.280","0.656","0.424","0.041","0.000","10","32","null","null","null","85.4","null","8","50","72","null","null"
"251",456496,"Marcos Mateo","477","52.62","0.222","0.270","0.286","0.492","0.333","0.282","0.183","14","63","86.0","17.0","2047","85.4","84.96","31","114","134","-0.4","5.98"
"176",543272,"Brad Hand","4790","3.67","0.211","0.123","0.370","0.333","0.238","0.151","0.135","12","57","82.8","20.9","2363","85.4","83.07","43","91","85","-2.3","4.89"
"455",527055,"Arodys Vizcaino","1374","33.11","0.143","0.042","0.276","0.185","0.169","0.133","0.105","17","119","82.7","13.4","2340","85.4","84.16","107","219","234","-1.2","5.66"
"514",605135,"Chris Bassitt","2450","20.98","0.258","0.108","0.294","0.367","0.302","0.249","0.184","31","120","85.3","16.8","2192","85.4","85.40","47","250","259","0.0","5.93"
"214",628711,"Julio Urias","1417","15.10","0.227","0.068","0.290","0.295","0.263","0.269","0.222","10","44","83.3","10.4","2378","85.4","84.09","23","103","110","-1.3","5.39"
"569",543045,"Adam Conley","3377","16.85","0.168","0.108","0.250","0.275","0.223","0.245","0.177","28","167","85.5","9.0","2115","85.4","84.33","111","330","235","-1.1","5.81"
"547",519344,"Nick Tepesch","2095","26.11","0.260","0.134","0.292","0.394","0.307","0.061","0.013","33","127","86.1","38.3","2082","85.4","83.58","55","264","280","-1.8","6.40"
"223",572038,"Branden Pinder","500","44.60","0.146","0.063","0.200","0.208","0.182","0.276","0.227","7","48","85.9","13.3","1661","85.3","84.08","40","102","121","-1.2","5.54"
"154",516969,"Kelvin Herrera","3306","4.66","0.102","0.020","0.185","0.122","0.111","0.126","0.110","5","49","78.4","17.8","2415","85.3","83.88","39","85","67","-1.4","5.52"
"1014",523989,"Rubby De La Rosa","5622","18.04","0.224","0.154","0.290","0.379","0.269","0.198","0.163","61","272","83.8","7.4","1968","85.3","85.30","171","500","508","0.0","5.91"
"1774",489119,"Wade Miley","9147","19.39","0.235","0.135","0.319","0.370","0.283","0.174","0.124","118","503","85.9","5.9","2135","85.3","84.36","301","938","820","-0.9","5.78"
"382",346797,"Grant Balfour","1216","31.41","0.235","0.162","0.250","0.397","0.312","0.119","0.032","16","68","88.0","12.7","2009","85.3","85.40","36","139","242","0.1","6.37"
"143",454537,"Jared Burton","1013","14.12","0.297","0.108","0.344","0.405","0.297","0.000","0.000","11","37","null","null","null","85.3","null","16","59","84","null","null"
"1624",502043,"Kyle Gibson","8503","19.10","0.194","0.104","0.273","0.298","0.234","0.154","0.107","84","433","84.0","11.6","2247","85.2","84.62","342","852","762","-0.6","5.94"
"867",518617,"Jake Diekman","3345","25.92","0.133","0.116","0.273","0.249","0.187","0.096","0.059","23","173","81.3","9.2","2147","85.2","84.80","201","367","492","-0.4","6.09"
"194",445213,"Brandon Kintzler","1844","10.52","0.269","0.212","0.314","0.481","0.333","0.158","0.115","14","52","82.4","3.1","2036","85.2","84.77","27","83","111","-0.4","6.12"
"461",542882,"Matt Andriese","3071","15.01","0.244","0.156","0.257","0.400","0.283","0.341","0.290","33","135","87.2","9.9","2147","85.2","84.27","57","254","204","-0.9","5.55"
"140",458678,"Mike Broadway","375","37.33","0.300","0.167","0.500","0.467","0.383","0.284","0.210","9","30","82.3","16.8","1990","85.2","83.82","24","55","83","-1.4","5.29"
"332",596057,"Daniel Norris","2363","14.05","0.222","0.236","0.240","0.458","0.318","0.270","0.198","16","72","85.7","12.3","2128","85.2","83.75","45","148","184","-1.4","5.17"
"433",605304,"Erik Johnson","1668","25.96","0.298","0.192","0.318","0.490","0.366","0.256","0.180","31","104","88.4","16.2","2147","85.2","83.59","50","206","224","-1.6","5.74"
"1222",543699,"Tanner Roark","8154","14.99","0.236","0.112","0.275","0.348","0.264","0.169","0.137","63","267","77.8","7.3","2295","85.2","85.02","202","593","622","-0.2","5.64"
"124",571439,"R.J. Alvarez","556","22.30","0.250","0.333","0.364","0.583","0.385","0.297","0.182","6","24","90.2","17.8","1922","85.1","83.27","14","40","84","-1.8","5.43"
"242",475857,"Ryan Cook","960","25.21","0.170","0.151","0.233","0.321","0.230","0.087","0.057","9","53","77.6","19.0","2481","85.1","83.55","41","105","137","-1.5","5.23"
"392",542587,"Elvis Araujo","1160","33.79","0.295","0.143","0.373","0.438","0.335","0.288","0.245","31","105","83.5","19.0","2051","85.1","83.76","59","208","183","-1.3","5.64"
"153",571882,"Derek Law","796","19.22","0.188","0.031","0.261","0.219","0.195","0.320","0.285","6","32","81.3","0.2","2073","85.1","85.11","29","73","80","0.0","6.16"
"305",516769,"Jenrry Mejia","1655","18.43","0.187","0.107","0.353","0.293","0.238","0.049","0.006","14","75","84.7","8.3","2039","85.1","83.13","67","145","157","-2.0","5.49"
"500",456071,"Yohan Flande","2027","24.67","0.312","0.312","0.333","0.623","0.406","0.252","0.185","43","138","88.2","3.2","1804","85.1","84.12","55","240","258","-1.0","5.57"
"2064",503449,"Wily Peralta","7078","29.16","0.218","0.136","0.303","0.354","0.273","0.177","0.125","101","463","85.3","9.8","1894","85.1","83.63","292","834","1221","-1.5","5.78"
"591",433589,"Yusmeiro Petit","3761","15.71","0.267","0.233","0.239","0.500","0.328","0.200","0.147","40","150","84.6","23.6","2191","85.1","86.98","52","287","299","1.9","7.18"
"1396",571800,"Drew Hutchison","5964","23.41","0.232","0.120","0.333","0.351","0.270","0.163","0.122","85","367","86.0","6.5","2255","85.0","83.73","222","655","732","-1.3","5.60"
"216",592238,"Brandon Cumpton","1113","19.41","0.213","0.098","0.333","0.311","0.252","0.042","0.000","13","61","null","null","null","85.0","null","37","109","105","null","null"
"201",592454,"Tommy Kahnle","2252","8.93","0.235","0.098","0.379","0.333","0.267","0.080","0.044","12","51","77.0","1.8","2393","85.0","84.88","34","88","113","-0.1","6.21"
"269",592826,"Vince Velasquez","3189","8.44","0.237","0.102","0.317","0.339","0.256","0.279","0.235","14","59","81.7","18.6","2186","85.0","84.62","42","127","139","-0.4","6.10"
"807",543184,"Christian Friedrich","3514","22.97","0.208","0.104","0.295","0.312","0.245","0.214","0.167","48","231","83.6","12.3","2275","85.0","83.75","170","461","341","-1.3","5.68"
"242",543903,"Allen Webster","1473","16.43","0.153","0.136","0.174","0.288","0.222","0.140","0.077","9","59","87.1","11.5","1928","85.0","85.82","40","111","127","0.8","6.04"
"687",592314,"Mike Foltynewicz","3928","17.49","0.280","0.168","0.379","0.447","0.326","0.255","0.220","45","161","84.0","15.0","2111","85.0","84.63","95","339","346","-0.4","5.94"
"944",457918,"J.A. Happ","8582","11.00","0.259","0.211","0.291","0.470","0.325","0.276","0.228","48","185","86.9","15.2","2189","85.0","84.10","99","396","543","-0.9","5.69"
"591",433587,"Felix Hernandez","8927","6.62","0.282","0.165","0.291","0.447","0.328","0.185","0.157","29","103","85.8","6.6","2102","85.0","84.21","86","239","350","-0.8","6.15"
"132",521055,"Maikel Cleto","565","23.36","0.152","0.091","0.313","0.242","0.238","0.092","0.000","5","33","null","null","null","84.9","null","27","54","77","null","null"
"525",595001,"Josh Smith","1705","30.79","0.282","0.137","0.320","0.419","0.328","0.318","0.259","35","124","84.7","13.7","2450","84.9","84.94","75","285","233","0.0","6.08"
"209",572788,"Tyler Cravy","1212","17.24","0.262","0.190","0.290","0.452","0.333","0.325","0.265","11","42","82.9","16.3","2048","84.9","84.61","25","90","113","-0.3","6.04"
"383",547943,"Hyun-Jin Ryu","2532","15.13","0.213","0.019","0.303","0.231","0.210","0.019","0.000","23","108","63.5","2.9","2126","84.9","83.93","60","213","167","-1.0","6.35"
"507",595032,"Chase Whitley","1826","27.77","0.254","0.123","0.311","0.377","0.283","0.073","0.054","31","122","85.7","8.2","2012","84.9","82.08","69","241","266","-2.8","6.01"
"151",449104,"Jim Henderson","836","18.06","0.297","0.378","0.364","0.676","0.401","0.209","0.175","11","37","83.7","26.7","2204","84.9","85.18","22","65","86","0.3","6.65"
"199",545001,"Eury De La Rosa","605","32.89","0.213","0.085","0.214","0.298","0.232","0.015","0.000","10","47","null","null","null","84.9","null","17","98","100","null","null"
"138",461791,"Carlos Marmol","269","51.30","0.219","0.031","0.350","0.250","0.296","0.126","0.000","7","32","null","null","null","84.8","null","20","59","78","null","null"
"882",474699,"Vance Worley","4021","21.93","0.309","0.191","0.328","0.500","0.360","0.205","0.160","73","236","86.2","10.2","2058","84.8","83.02","90","460","417","-1.8","4.96"
"349",543242,"J.R. Graham","1094","31.90","0.229","0.084","0.333","0.313","0.263","0.277","0.238","19","83","85.8","4.7","1869","84.8","83.90","68","171","174","-0.9","5.69"
"491",502004,"George Kontos","2321","21.15","0.161","0.110","0.208","0.271","0.194","0.180","0.150","25","155","84.3","12.9","2258","84.8","83.87","85","282","208","-0.9","5.71"
"146",451661,"Josh Fields","2420","6.03","0.300","0.100","0.316","0.400","0.324","0.355","0.317","6","20","83.9","14.1","1877","84.8","84.46","17","56","90","-0.3","6.10"
"587",489446,"Kirby Yates","1898","30.93","0.269","0.142","0.330","0.410","0.319","0.192","0.143","36","134","82.9","11.1","2229","84.7","83.98","71","263","323","-0.7","5.64"
"112",606291,"Mauricio Cabrera","644","17.39","0.130","0.000","0.167","0.130","0.142","0.166","0.121","3","23","80.2","30.7","2190","84.7","83.73","14","45","66","-1.0","5.65"
"509",451085,"Brian Matusz","1955","26.04","0.233","0.116","0.270","0.349","0.259","0.161","0.119","30","129","84.8","9.1","2241","84.7","82.68","79","262","244","-2.0","4.99"
"1224",490063,"Matt Garza","6650","18.41","0.196","0.138","0.296","0.333","0.252","0.147","0.101","61","312","83.2","9.5","1803","84.7","84.65","246","609","603","-0.1","6.30"
"246",643338,"Chad Green","836","29.43","0.200","0.160","0.235","0.360","0.295","0.364","0.256","10","50","83.6","6.3","2096","84.7","84.42","36","114","131","-0.3","6.07"
"2787",434628,"Jason Hammel","8170","34.11","0.179","0.105","0.255","0.284","0.223","0.176","0.130","128","714","84.5","10.0","2195","84.6","84.75","477","1312","1451","0.2","5.92"
"157",571893,"Adam Liberatore","1199","13.09","0.237","0.184","0.409","0.421","0.288","0.191","0.172","9","38","80.4","6.7","1874","84.6","83.05","26","70","86","-1.5","5.36"
"747",519240,"Marc Rzepczynski","2164","34.52","0.185","0.022","0.388","0.208","0.212","0.121","0.076","33","178","79.2","3.8","2321","84.6","83.29","186","357","383","-1.3","5.54"
"548",433584,"Roberto Hernandez","4224","12.97","0.325","0.246","0.318","0.571","0.379","0.157","0.126","41","126","85.7","8.0","1967","84.6","85.30","36","217","327","0.7","6.63"
"326",543331,"J.J. Hoover","2678","12.17","0.187","0.220","0.261","0.407","0.273","0.162","0.103","17","91","80.7","11.7","2213","84.6","83.79","65","163","163","-0.8","5.59"
"131",489295,"Brian Schlitter","1046","12.52","0.207","0.034","0.273","0.241","0.231","0.070","0.028","6","29","97.3","-1.2","2052","84.6","85.78","14","47","83","1.2","5.38"
"110",449079,"Wesley Wright","886","12.42","0.250","0.000","0.269","0.250","0.210","0.005","0.000","7","28","94.0","37.4","1112","84.5","79.60","17","60","49","-4.9","5.45"
"346",474284,"Cory Rasmus","1722","20.09","0.209","0.075","0.277","0.284","0.239","0.145","0.100","14","67","82.6","26.0","2200","84.5","84.16","53","146","199","-0.3","5.82"
"103",519145,"Aaron Poreda","369","27.91","0.194","0.097","0.400","0.290","0.251","0.062","0.000","6","31","null","null","null","84.5","null","24","55","47","null","null"
"181",544836,"Enny Romero","1409","12.85","0.171","0.029","0.375","0.200","0.164","0.175","0.174","6","35","84.0","7.8","2263","84.5","83.16","40","80","101","-1.3","5.52"
"258",543507,"Trevor May","3544","7.28","0.304","0.125","0.348","0.429","0.325","0.173","0.152","17","56","81.8","9.9","2116","84.4","85.79","24","98","160","1.4","6.38"
"1613",346798,"Kyle Lohse","5735","28.13","0.227","0.124","0.259","0.351","0.270","0.142","0.093","99","436","81.7","11.1","2129","84.4","83.16","215","830","755","-1.2","5.29"
"543",491703,"Neftali Feliz","2260","24.03","0.216","0.121","0.301","0.336","0.273","0.207","0.145","25","116","80.2","9.5","2181","84.4","83.99","87","226","317","-0.4","5.83"
"269",453265,"Tony Watson","3360","8.01","0.138","0.123","0.194","0.262","0.190","0.098","0.062","9","65","76.7","8.2","2269","84.4","84.36","56","136","132","0.0","5.93"
"174",519175,"Evan Reed","583","29.85","0.262","0.095","0.393","0.357","0.282","0.031","0.000","11","42","null","null","null","84.4","null","30","79","95","null","null"
"1613",453192,"Andrew Miller","3076","52.44","0.119","0.073","0.258","0.191","0.166","0.131","0.087","49","413","82.4","6.3","2464","84.4","84.52","416","802","793","0.1","6.43"
"251",518748,"Justin Grimm","2912","8.62","0.235","0.103","0.385","0.338","0.264","0.085","0.060","16","68","83.9","9.0","2254","84.3","83.89","50","116","135","-0.4","6.27"
"1067",605452,"Joe Ross","2862","37.28","0.157","0.103","0.224","0.260","0.198","0.218","0.177","47","300","81.8","11.4","1868","84.3","83.52","246","612","443","-0.8","6.10"
"428",543334,"TJ House","1906","22.46","0.188","0.047","0.315","0.234","0.218","0.084","0.037","24","128","84.8","8.7","1941","84.3","81.99","90","242","179","-2.3","5.35"
"477",460059,"Mike Pelfrey","5177","9.21","0.403","0.167","0.450","0.569","0.424","0.338","0.306","29","72","86.7","12.7","1870","84.3","84.86","48","154","322","0.6","6.72"
"509",491646,"Jeanmar Gomez","3302","15.41","0.327","0.191","0.393","0.518","0.379","0.226","0.169","36","110","85.1","16.6","2089","84.3","84.98","69","215","290","0.7","6.63"
"314",518715,"Cory Gearrin","781","40.20","0.136","0.160","0.186","0.296","0.182","0.193","0.153","11","81","81.0","15.7","2570","84.3","83.34","70","158","155","-1.0","5.57"
"1738",547888,"Masahiro Tanaka","7234","24.03","0.189","0.153","0.232","0.342","0.256","0.216","0.155","83","438","83.5","14.8","2149","84.2","83.01","281","834","897","-1.2","5.61"
"347",506693,"Henderson Alvarez","2945","11.78","0.307","0.147","0.339","0.453","0.352","0.098","0.043","23","75","88.7","11.1","1908","84.1","81.92","32","154","192","-2.2","5.48"
"2765",429722,"Ervin Santana","7596","36.40","0.185","0.111","0.276","0.295","0.230","0.170","0.129","122","660","84.3","15.1","2009","84.1","83.20","536","1290","1458","-0.9","5.61"
"1199",592662,"Robbie Ray","5983","20.04","0.221","0.203","0.338","0.424","0.294","0.232","0.178","64","290","87.9","8.6","2049","84.1","83.36","235","609","585","-0.7","5.91"
"665",554431,"Tyler Matzek","2163","30.74","0.182","0.059","0.293","0.241","0.221","0.096","0.047","34","187","85.7","9.5","2047","84.1","83.02","120","329","330","-1.1","5.69"
"208",592811,"Andrew Triggs","929","22.39","0.150","0.175","0.172","0.325","0.238","0.299","0.212","6","40","79.4","11.1","2360","84.1","83.57","34","92","116","-0.5","6.11"
"107",458919,"Ryan Mattheus","1061","10.08","0.296","0.185","0.318","0.481","0.333","0.290","0.270","8","27","89.3","7.5","1874","84.1","84.64","13","50","56","0.5","6.68"
"118",623406,"Shae Simmons","471","25.05","0.000","0.000","0.000","0.000","0.029","0.064","0.039","0","23","88.4","-3.3","2775","84.1","81.54","13","39","79","-2.6","5.60"
"1071",543359,"Dan Jennings","2680","39.96","0.199","0.102","0.260","0.301","0.227","0.184","0.154","51","256","82.4","12.3","2343","84.1","82.81","159","490","572","-1.3","5.60"
"160",542669,"Roman Mendez","786","20.36","0.121","0.000","0.182","0.121","0.154","0.153","0.090","4","33","85.2","25.2","1841","84.1","82.62","22","67","93","-1.5","5.30"
"568",548337,"Logan Verrett","2269","25.03","0.250","0.155","0.314","0.405","0.292","0.295","0.253","42","168","84.5","8.0","2178","84.1","83.61","107","334","229","-0.5","6.02"
"267",621107,"Zach Eflin","992","26.92","0.200","0.186","0.232","0.386","0.249","0.271","0.225","14","70","84.3","16.8","2170","84.0","83.60","31","123","142","-0.4","6.17"
"257",477229,"Jordan Walden","1023","25.12","0.082","0.000","0.190","0.082","0.108","0.078","0.039","4","49","79.4","10.9","2221","84.0","87.11","60","110","146","3.1","7.32"
"206",453198,"Chris Perez","832","24.76","0.244","0.244","0.321","0.488","0.327","0.060","0.000","10","41","null","null","null","84.0","null","21","71","132","null","null"
"356",447714,"Eric O'Flaherty","1352","26.33","0.277","0.096","0.400","0.373","0.316","0.199","0.161","23","83","84.5","11.7","2207","84.0","82.26","58","161","190","-1.7","5.13"
"1666",573064,"Vidal Nuno","4978","33.47","0.261","0.188","0.299","0.449","0.323","0.186","0.134","103","394","83.4","15.6","2390","84.0","84.00","190","842","818","0.0","5.64"
"1380",456501,"Johnny Cueto","10230","13.49","0.294","0.206","0.305","0.500","0.354","0.262","0.208","96","326","86.1","10.6","2223","84.0","82.90","122","576","797","-1.1","5.45"
"356",465629,"Edward Mujica","1655","21.51","0.259","0.086","0.278","0.346","0.270","0.116","0.094","21","81","83.7","11.5","1866","84.0","82.35","44","172","183","-1.6","5.56"
"353",543942,"Rob Wooten","724","48.76","0.232","0.125","0.240","0.357","0.292","0.071","0.005","13","56","77.9","15.5","1896","83.9","82.06","39","151","199","-1.8","5.98"
"160",643230,"Steven Brault","662","24.17","0.367","0.184","0.500","0.551","0.408","0.306","0.273","18","49","86.5","4.7","1942","83.9","84.17","20","78","81","0.3","6.77"
"322",605541,"Mike Wright","2081","15.47","0.254","0.254","0.260","0.507","0.350","0.324","0.244","18","71","82.6","17.7","2104","83.9","83.54","30","120","198","-0.4","5.89"
"209",515052,"Mayckol Guaipe","579","36.10","0.232","0.125","0.297","0.357","0.268","0.225","0.190","13","56","85.3","5.3","2170","83.9","83.26","31","94","113","-0.6","5.87"
"309",594792,"Brandon Cunniff","914","33.81","0.183","0.133","0.263","0.317","0.232","0.272","0.226","11","60","83.4","17.0","1993","83.9","83.20","56","138","170","-0.7","5.83"
"182",605182,"Mike Clevinger","967","18.82","0.194","0.194","0.250","0.389","0.279","0.268","0.186","7","36","79.1","20.6","2301","83.9","84.18","26","93","88","0.3","6.29"
"896",455374,"Antonio Bastardo","3419","26.21","0.173","0.101","0.254","0.274","0.223","0.144","0.095","36","208","81.1","16.3","2550","83.9","83.38","171","412","474","-0.5","5.96"
"170",407819,"Matt Thornton","1510","11.26","0.333","0.133","0.395","0.467","0.332","0.185","0.170","15","45","86.4","-0.6","1829","83.9","83.50","18","70","100","-0.4","6.07"
"304",475054,"Chaz Roe","1224","24.84","0.207","0.172","0.303","0.379","0.292","0.240","0.170","12","58","82.4","12.3","2552","83.8","82.95","43","125","179","-0.9","5.61"
"772",459987,"Cesar Ramos","2885","26.76","0.250","0.081","0.278","0.331","0.272","0.191","0.157","43","172","86.4","12.2","2123","83.7","82.91","82","381","388","-0.8","5.69"
"1313",612672,"Wei-Yin Chen","7905","16.61","0.229","0.140","0.299","0.369","0.270","0.208","0.164","82","358","84.1","9.3","2119","83.7","83.66","193","682","625","0.0","5.76"
"350",456167,"A.J. Griffin","2063","16.97","0.351","0.338","0.328","0.689","0.455","0.403","0.327","26","74","85.6","15.6","2310","83.7","83.88","43","170","177","0.2","6.36"
"843",605232,"Brandon Finnegan","3756","22.44","0.217","0.111","0.283","0.328","0.261","0.243","0.197","39","180","82.7","16.9","2114","83.7","82.36","118","383","455","-1.3","5.42"
"243",430630,"Jason Frasor","1375","17.67","0.256","0.070","0.262","0.326","0.291","0.233","0.163","11","43","86.7","15.7","1752","83.7","82.48","24","98","145","-1.2","5.35"
"1337",518875,"Shawn Kelley","2605","51.32","0.199","0.160","0.282","0.360","0.260","0.159","0.111","71","356","83.6","19.4","2109","83.7","83.39","297","753","578","-0.3","6.12"
"278",607359,"Spencer Patton","1010","27.52","0.172","0.138","0.211","0.310","0.233","0.252","0.209","10","58","83.0","3.7","1901","83.7","82.91","51","128","147","-0.8","5.74"
"834",434718,"Huston Street","2355","35.41","0.190","0.134","0.237","0.325","0.243","0.179","0.134","44","231","81.4","9.9","2127","83.6","82.23","158","458","372","-1.4","5.54"
"1031",450212,"Pat Neshek","2549","40.45","0.197","0.113","0.245","0.310","0.225","0.151","0.127","54","274","79.3","17.1","2157","83.6","82.78","171","584","439","-0.8","5.78"
"181",516414,"Ariel Pena","542","33.39","0.135","0.054","0.294","0.189","0.195","0.172","0.113","5","37","84.8","7.6","1893","83.6","82.58","45","87","94","-1.0","5.82"
"205",445276,"Kenley Jansen","2858","7.17","0.152","0.106","0.308","0.258","0.190","0.097","0.076","10","66","78.1","0.7","2160","83.6","84.10","53","118","87","0.5","6.70"
"109",519168,"Anthony Ranaudo","1553","7.02","0.480","0.280","0.500","0.760","0.531","0.374","0.243","12","25","86.4","22.9","2071","83.6","82.92","11","54","55","-0.7","5.67"
"197",622097,"Jake Thompson","919","21.44","0.244","0.171","0.310","0.415","0.342","0.325","0.249","10","41","82.8","15.1","2470","83.5","82.13","21","69","125","-1.4","5.85"
"196",445926,"Jesse Chavez","6096","3.22","0.244","0.073","0.290","0.317","0.240","0.276","0.270","10","41","88.1","12.0","2122","83.5","82.86","29","86","110","-0.6","5.77"
"116",605374,"Andrew McKirahan","462","25.11","0.357","0.036","0.455","0.393","0.358","0.265","0.241","10","28","82.7","3.8","1548","83.5","83.04","14","48","67","-0.5","6.26"
"441",592135,"Cam Bedrosian","1695","26.02","0.262","0.084","0.415","0.346","0.299","0.235","0.177","28","107","86.4","7.2","2634","83.5","82.19","68","179","261","-1.3","5.85"
"339",608678,"Dominic Leone","1844","18.38","0.218","0.168","0.302","0.386","0.264","0.154","0.126","22","101","86.9","11.0","2050","83.5","82.77","76","178","161","-0.7","6.12"
"414",474521,"Shawn Tolleson","2994","13.83","0.232","0.152","0.292","0.384","0.282","0.181","0.144","23","99","85.8","6.2","2426","83.5","84.01","61","179","234","0.5","6.07"
"130",458713,"Kevin Slowey","591","22.00","0.255","0.020","0.310","0.275","0.249","0.026","0.000","13","51","null","null","null","83.4","null","21","87","42","null","null"
"112",518693,"Sam Freeman","1540","7.27","0.208","0.042","0.313","0.250","0.257","0.186","0.125","5","24","87.5","8.8","1883","83.4","82.07","11","43","69","-1.3","5.43"
"1217",467008,"Pedro Strop","2696","45.14","0.109","0.069","0.215","0.178","0.166","0.140","0.090","33","303","82.2","5.5","2122","83.4","82.06","345","618","590","-1.3","5.41"
"961",607259,"Nick Martinez","5174","18.57","0.263","0.151","0.335","0.414","0.310","0.205","0.158","61","232","86.5","10.9","2238","83.4","81.07","144","422","534","-2.3","5.09"
"258",502154,"Zach Britton","2985","8.64","0.085","0.034","0.278","0.119","0.108","0.055","0.036","5","59","83.4","12.8","2558","83.4","81.76","58","88","168","-1.6","5.06"
"184",594857,"Keith Hessler","629","29.25","0.333","0.238","0.387","0.571","0.400","0.363","0.302","14","42","82.5","10.0","1945","83.4","82.96","22","79","104","-0.4","5.94"
"928",453646,"Carlos Villanueva","3425","27.09","0.231","0.119","0.319","0.349","0.263","0.198","0.168","72","312","83.4","8.7","2029","83.4","82.88","200","560","356","-0.5","5.98"
"133",543258,"Preston Guilmet","287","46.34","0.237","0.158","0.308","0.395","0.301","0.162","0.111","9","38","88.5","5.9","1471","83.4","80.66","20","73","60","-2.7","4.95"
"498",623430,"Ryan Dull","1471","33.85","0.149","0.158","0.200","0.307","0.194","0.161","0.130","17","114","82.2","14.6","2014","83.4","82.16","102","228","269","-1.2","5.46"
"526",543859,"Michael Tonkin","1981","26.55","0.212","0.168","0.297","0.381","0.282","0.233","0.174","24","113","83.5","7.1","2177","83.3","83.18","77","218","305","-0.1","6.16"
"431",448159,"Manny Parra","1126","38.28","0.244","0.178","0.284","0.422","0.296","0.127","0.087","22","90","88.2","19.2","1925","83.3","82.21","81","214","214","-1.1","5.50"
"270",519096,"Dan Otero","2944","9.17","0.309","0.221","0.321","0.529","0.357","0.143","0.123","21","68","85.2","19.5","2023","83.3","84.60","29","117","152","1.3","6.38"
"672",493133,"Hiroki Kuroda","3097","21.70","0.233","0.171","0.275","0.403","0.282","0.021","0.000","30","129","null","null","null","83.3","null","94","275","395","null","null"
"500",445968,"Dana Eveland","994","50.30","0.150","0.050","0.237","0.200","0.204","0.153","0.080","15","100","79.7","12.7","3015","83.3","80.37","73","209","282","-2.9","5.68"
"1350",434622,"Ubaldo Jimenez","7861","17.17","0.264","0.174","0.299","0.438","0.342","0.217","0.137","64","242","81.6","19.8","2258","83.2","82.56","136","511","832","-0.6","5.62"
"841",628452,"Raisel Iglesias","2812","29.91","0.154","0.139","0.248","0.293","0.218","0.204","0.143","32","208","82.4","15.4","2203","83.2","82.18","163","396","435","-1.0","5.65"
"1071",573185,"Dan Straily","4233","25.30","0.166","0.086","0.232","0.252","0.209","0.199","0.154","48","290","82.6","15.4","2288","83.2","83.41","175","525","536","0.2","6.12"
"207",605483,"Blake Snell","1716","12.06","0.294","0.235","0.571","0.529","0.387","0.264","0.183","10","34","90.8","7.1","2212","83.2","82.48","50","87","120","-0.7","5.90"
"136",594772,"Jake Buchanan","780","17.44","0.276","0.138","0.318","0.414","0.324","0.146","0.095","8","29","89.3","17.1","1799","83.2","83.02","26","67","68","-0.2","6.30"
"448",518468,"Michael Blazek","1681","26.65","0.218","0.145","0.292","0.364","0.266","0.229","0.192","24","110","79.5","12.2","1899","83.2","82.43","82","208","235","-0.8","5.74"
"232",502083,"Zach McAllister","3616","6.42","0.212","0.096","0.233","0.308","0.230","0.041","0.025","11","52","78.8","11.8","1864","83.2","83.88","24","97","134","0.7","6.80"
"120",592533,"Cody Martin","898","13.36","0.452","0.710","0.318","1.161","0.647","0.624","0.458","14","31","89.6","18.4","2003","83.1","82.55","11","57","62","-0.5","6.02"
"507",450282,"Glen Perkins","1829","27.72","0.226","0.187","0.307","0.413","0.279","0.142","0.105","35","155","88.2","14.0","2259","83.1","82.04","106","294","213","-1.1","5.86"
"220",543964,"Tony Zych","526","41.83","0.140","0.070","0.308","0.211","0.175","0.126","0.086","8","57","75.6","19.5","2181","83.1","81.70","47","107","112","-1.4","5.68"
"2271",407890,"Colby Lewis","7734","29.36","0.231","0.111","0.290","0.341","0.262","0.204","0.165","154","668","85.4","15.8","2173","83.1","81.77","396","1313","947","-1.3","5.39"
"897",457429,"Boone Logan","1839","48.78","0.146","0.039","0.274","0.184","0.182","0.152","0.110","30","206","77.8","9.3","2350","83.1","81.65","240","454","435","-1.5","5.25"
"776",448802,"Jaime Garcia","5066","15.32","0.185","0.073","0.368","0.259","0.204","0.153","0.135","53","286","84.1","7.8","2514","83.1","82.15","168","441","329","-1.0","5.64"
"115",543716,"David Rollins","643","17.88","0.290","0.161","0.375","0.452","0.351","0.290","0.239","9","31","84.8","5.5","2172","83.1","82.12","21","62","53","-1.0","5.96"
"152",621209,"Jon Moscot","601","25.29","0.229","0.286","0.185","0.514","0.322","0.311","0.266","8","35","82.9","3.6","2070","83.1","82.71","10","71","80","-0.4","6.08"
"321",592741,"Chasen Shreve","1884","17.04","0.257","0.243","0.278","0.500","0.334","0.256","0.210","18","70","87.4","4.3","1779","83.1","82.31","52","147","173","-0.8","6.02"
"213",591693,"Edubray Ramos","613","34.75","0.153","0.136","0.226","0.288","0.203","0.213","0.164","9","59","80.4","20.5","2473","83.1","82.11","36","96","117","-1.0","5.78"
"543",450351,"C.J. Wilson","5225","10.39","0.153","0.083","0.250","0.236","0.203","0.143","0.092","24","157","89.5","12.5","1936","83.1","81.31","114","262","278","-1.8","5.17"
"155",612434,"Miguel Castro","535","28.97","0.185","0.074","0.417","0.259","0.228","0.208","0.174","5","27","77.8","0.8","2609","83.1","82.38","17","37","118","-0.7","5.69"
"205",150116,"Randy Wolf","1054","19.45","0.212","0.115","0.270","0.327","0.280","0.195","0.132","11","52","82.6","10.1","2053","83.0","82.50","26","107","98","-0.5","5.50"
"735",607457,"Kyle Barraclough","1801","40.81","0.108","0.051","0.254","0.159","0.167","0.187","0.122","19","176","80.6","9.4","2486","83.0","81.82","159","313","420","-1.2","5.59"
"126",434578,"Joe Saunders","847","14.88","0.250","0.250","0.313","0.500","0.353","0.068","0.000","7","28","null","null","null","82.9","null","22","61","64","null","null"
"764",493603,"Adam Ottavino","1687","45.29","0.190","0.101","0.274","0.291","0.238","0.090","0.046","36","189","78.7","13.7","2758","82.9","82.62","120","353","408","-0.3","6.20"
"347",519008,"T.J. McFarland","1933","17.95","0.300","0.125","0.404","0.425","0.337","0.164","0.114","24","80","84.6","6.5","2073","82.9","80.32","48","163","181","-2.6","5.35"
"807",517414,"Randall Delgado","4095","19.71","0.191","0.142","0.252","0.333","0.252","0.207","0.151","31","162","85.1","20.0","1804","82.8","81.82","141","331","474","-1.0","5.77"
"279",457117,"Ernesto Frieri","1155","24.16","0.298","0.123","0.333","0.421","0.333","0.122","0.084","17","57","87.7","23.7","1982","82.8","82.60","32","115","163","-0.2","6.16"
"578",543606,"Jake Odorizzi","9094","6.36","0.223","0.184","0.218","0.408","0.281","0.296","0.230","23","103","83.1","21.0","2076","82.8","81.91","37","210","366","-0.9","5.54"
"398",593140,"Michael Feliz","1322","30.11","0.172","0.161","0.255","0.333","0.229","0.210","0.152","16","93","83.0","8.2","1933","82.8","83.05","77","181","216","0.3","6.53"
"314",554340,"Yimi Garcia","1104","28.44","0.203","0.058","0.232","0.261","0.221","0.179","0.160","14","69","84.9","23.9","2257","82.8","82.01","36","137","177","-0.8","5.48"
"736",605388,"Adam Morgan","3193","23.05","0.236","0.182","0.298","0.418","0.287","0.265","0.222","52","220","85.7","14.4","2297","82.8","81.25","138","429","304","-1.5","5.36"
"194",519085,"Brett Oberholtzer","4124","4.70","0.244","0.133","0.265","0.378","0.308","0.333","0.259","11","45","89.2","9.6","1942","82.8","81.79","22","91","102","-1.0","5.86"
"445",444436,"Ryan Webb","1686","26.39","0.188","0.117","0.253","0.305","0.222","0.133","0.103","24","128","84.1","14.2","2142","82.8","81.83","63","212","231","-1.0","5.70"
"213",408241,"Jake Peavy","6993","3.05","0.220","0.136","0.462","0.356","0.288","0.090","0.028","13","59","87.6","3.9","1814","82.7","80.95","61","112","101","-1.7","5.47"
"831",112526,"Bartolo Colon","8572","9.69","0.273","0.173","0.293","0.445","0.322","0.206","0.161","60","220","87.2","11.9","2201","82.7","80.64","72","362","465","-2.1","5.00"
"1121",605538,"Matt Wisler","4211","26.62","0.177","0.124","0.263","0.301","0.221","0.222","0.175","53","299","83.3","19.3","2209","82.7","81.09","216","531","587","-1.6","5.38"
"508",435043,"Zach Duke","3046","16.68","0.256","0.174","0.290","0.430","0.336","0.241","0.148","22","86","80.9","22.4","2089","82.7","81.10","84","248","255","-1.6","5.66"
"105",445156,"Sean Marshall","298","35.23","0.524","0.333","0.500","0.857","0.608","0.112","0.000","11","21","null","null","null","82.7","null","12","53","51","null","null"
"305",445612,"Dale Thayer","1673","18.23","0.316","0.224","0.382","0.539","0.381","0.146","0.110","24","76","88.5","12.7","2039","82.6","82.01","29","138","166","-0.6","5.96"
"191",595918,"A.J. Cole","833","22.93","0.190","0.119","0.269","0.310","0.260","0.282","0.200","8","42","83.0","17.7","2164","82.6","82.74","32","87","104","0.1","6.37"
"558",502748,"Brad Peacock","2950","18.92","0.250","0.211","0.297","0.461","0.326","0.138","0.077","38","152","83.0","18.4","2351","82.6","79.30","81","280","276","-3.3","5.57"
"848",519322,"Drew Storen","2536","33.44","0.158","0.077","0.243","0.235","0.192","0.174","0.131","31","196","80.8","16.9","2134","82.6","81.11","112","351","490","-1.5","5.55"
"257",592527,"Michael Mariot","904","28.43","0.161","0.113","0.195","0.274","0.232","0.197","0.115","10","62","84.8","25.0","2700","82.6","81.00","35","111","146","-1.6","5.49"
"198",462515,"Miguel Socolovich","728","27.20","0.186","0.023","0.242","0.209","0.210","0.172","0.137","8","43","82.8","13.8","1983","82.6","81.75","28","92","106","-0.8","5.62"
"314",518716,"Dillon Gee","4783","6.56","0.241","0.215","0.237","0.456","0.301","0.117","0.092","19","79","87.0","5.9","2040","82.6","81.16","33","152","161","-1.4","5.63"
"237",606160,"Rafael Montero","1417","16.73","0.268","0.268","0.296","0.537","0.385","0.155","0.075","11","41","80.1","26.1","2260","82.6","81.82","27","90","145","-0.8","5.72"
"118",518863,"Taylor Jordan","684","17.25","0.263","0.105","0.333","0.368","0.281","0.115","0.091","5","19","86.3","10.9","1858","82.6","83.47","21","50","68","0.9","6.33"
"455",545333,"Trevor Bauer","8552","5.32","0.309","0.181","0.360","0.489","0.350","0.063","0.035","29","94","85.3","22.4","2079","82.6","83.33","45","186","268","0.7","5.84"
"149",150302,"Jason Marquis","783","19.03","0.238","0.167","0.300","0.405","0.293","0.225","0.197","10","42","85.3","8.7","1977","82.6","82.58","25","77","72","0.0","6.06"
"303",580792,"Nick Goody","650","46.62","0.225","0.175","0.296","0.400","0.292","0.278","0.203","18","80","84.2","17.1","2020","82.5","81.46","63","160","143","-1.0","5.82"
"663",595191,"Jerad Eickhoff","3767","17.60","0.226","0.241","0.226","0.466","0.293","0.254","0.196","30","133","79.4","15.0","2100","82.5","81.71","128","320","338","-0.8","6.16"
"382",571510,"Matt Boyd","2686","14.22","0.189","0.137","0.259","0.326","0.248","0.254","0.194","18","95","81.9","11.1","2128","82.5","81.90","48","187","193","-0.6","6.03"
"290",543070,"Aaron Crow","934","31.05","0.195","0.117","0.259","0.312","0.252","0.051","0.000","15","77","null","null","null","82.5","null","45","139","151","null","null"
"206",606965,"Chris Devenski","1577","13.06","0.079","0.000","0.158","0.079","0.071","0.085","0.085","3","38","74.8","18.4","2366","82.4","80.94","49","94","112","-1.5","5.32"
"342",460156,"Brandon Gomes","1491","22.94","0.236","0.180","0.246","0.416","0.295","0.252","0.186","21","89","85.9","16.2","1854","82.4","82.04","50","177","162","-0.4","6.14"
"369",456027,"Ross Ohlendorf","1525","24.20","0.122","0.110","0.267","0.232","0.159","0.182","0.159","10","82","79.9","14.5","1766","82.4","80.37","70","148","221","-2.0","5.13"
"111",453222,"Scott Carroll","2759","4.02","0.300","0.067","0.409","0.367","0.293","0.123","0.113","9","30","80.6","8.1","1604","82.4","80.97","19","52","59","-1.4","5.37"
"144",518420,"Dylan Axelrod","546","26.37","0.235","0.353","0.278","0.588","0.360","0.104","0.054","8","34","90.8","16.4","2218","82.3","79.66","28","69","74","-2.6","5.50"
"340",553878,"Felipe Rivero","2055","16.55","0.144","0.022","0.241","0.167","0.154","0.231","0.208","13","90","81.4","10.3","2631","82.3","80.73","59","155","181","-1.6","5.39"
"345",605397,"Joe Musgrove","980","35.20","0.213","0.138","0.293","0.351","0.271","0.231","0.188","20","94","81.6","11.1","2474","82.3","81.32","55","161","182","-1.0","5.82"
"466",605177,"Andrew Chafin","1785","26.11","0.150","0.098","0.250","0.248","0.180","0.200","0.175","20","133","85.3","6.3","2008","82.3","82.13","109","250","212","-0.2","6.25"
"157",611093,"Silvino Bracho","678","23.16","0.311","0.222","0.316","0.533","0.352","0.308","0.262","14","45","85.8","23.4","2112","82.3","81.53","25","87","70","-0.8","5.65"
"257",595307,"Seth Maness","2558","10.05","0.286","0.071","0.333","0.357","0.269","0.168","0.154","16","56","81.9","2.0","1898","82.2","79.98","39","112","143","-2.2","5.17"
"274",460701,"James Russell","1598","17.15","0.269","0.164","0.314","0.433","0.309","0.114","0.084","18","67","87.3","14.8","2084","82.2","82.06","36","135","138","-0.1","5.52"
"952",474463,"Brett Anderson","3589","26.53","0.235","0.105","0.321","0.341","0.261","0.176","0.145","76","323","85.8","-2.6","2282","82.2","81.06","140","536","412","-1.1","5.25"
"329",544993,"Steve Geltz","1728","19.04","0.300","0.275","0.273","0.575","0.378","0.317","0.255","12","40","84.2","25.0","1970","82.2","80.56","26","116","213","-1.6","5.03"
"885",276351,"Jason Grilli","2600","34.04","0.186","0.115","0.273","0.301","0.241","0.153","0.102","34","183","78.9","17.6","2473","82.1","80.43","140","364","514","-1.7","5.58"
"818",518603,"Justin DeFratus","2276","35.94","0.245","0.085","0.338","0.330","0.268","0.172","0.134","46","188","87.3","6.8","1871","82.1","81.73","140","410","403","-0.4","6.20"
"142",571786,"Mario Hollands","772","18.39","0.148","0.185","0.231","0.333","0.234","0.048","0.000","4","27","null","null","null","82.1","null","28","46","93","null","null"
"779",533167,"Matt Shoemaker","6666","11.69","0.270","0.204","0.291","0.474","0.336","0.204","0.151","53","196","83.3","12.9","1821","82.1","81.46","127","395","381","-0.6","5.93"
"652",425626,"Chris Capuano","2823","23.10","0.295","0.209","0.356","0.504","0.368","0.179","0.113","38","129","86.1","12.7","2278","82.0","81.42","79","264","382","-0.6","5.83"
"764",488786,"Louis Coleman","1544","49.48","0.272","0.166","0.333","0.438","0.329","0.221","0.167","46","169","81.3","16.4","2186","82.0","82.18","125","353","402","0.2","6.41"
"756",468504,"Jhoulys Chacin","3842","19.68","0.134","0.051","0.233","0.185","0.153","0.144","0.125","29","216","80.4","19.8","2208","82.0","81.00","160","394","358","-1.0","5.40"
"853",628317,"Kenta Maeda","2930","29.11","0.171","0.096","0.233","0.267","0.227","0.233","0.173","43","251","79.2","18.3","2380","82.0","81.20","188","494","352","-0.8","5.88"
"176",489189,"Josh Outman","510","34.51","0.237","0.237","0.304","0.474","0.319","0.035","0.000","9","38","null","null","null","82.0","null","39","91","85","null","null"
"199",571666,"Mike Fiers","6936","2.87","0.217","0.083","0.255","0.300","0.247","0.275","0.236","13","60","85.9","13.5","2289","81.9","81.36","15","88","111","-0.5","5.86"
"1206",502381,"Luke Gregerson","2725","44.26","0.174","0.135","0.270","0.308","0.215","0.108","0.078","58","334","81.2","12.5","2368","81.9","80.67","306","645","554","-1.2","5.37"
"1911",445060,"Ricky Nolasco","6433","29.71","0.270","0.150","0.356","0.420","0.307","0.155","0.125","117","433","81.7","12.6","2070","81.9","79.87","313","894","1010","-2.0","5.16"
"411",435044,"Scott Baker","1378","29.83","0.200","0.217","0.190","0.417","0.262","0.036","0.023","23","115","87.7","13.0","2043","81.9","80.63","61","227","184","-1.3","5.60"
"1137",519293,"Will Smith","2841","40.02","0.153","0.084","0.345","0.236","0.209","0.135","0.076","42","275","80.1","11.4","2017","81.9","80.40","314","551","579","-1.5","5.54"
"797",431148,"Scott Kazmir","8316","9.58","0.218","0.073","0.288","0.290","0.238","0.149","0.109","42","193","82.5","10.6","1944","81.9","80.21","124","379","414","-1.7","5.49"
"267",488674,"Burke Badenhop","2112","12.64","0.167","0.033","0.213","0.200","0.176","0.107","0.080","10","60","85.7","17.9","1921","81.9","80.98","26","109","158","-0.9","5.54"
"306",136600,"Bruce Chen","991","30.88","0.432","0.203","0.500","0.635","0.474","0.106","0.038","32","74","80.8","-3.7","2229","81.8","80.15","28","157","149","-1.6","4.98"
"452",488846,"Brian Duensing","1861","24.29","0.252","0.168","0.329","0.420","0.323","0.154","0.084","30","119","86.6","22.1","2038","81.8","80.20","75","216","232","-1.6","5.60"
"298",493159,"Tsuyoshi Wada","1680","17.74","0.217","0.101","0.275","0.319","0.251","0.064","0.030","15","69","79.4","4.8","1994","81.8","81.40","26","139","155","-0.4","5.60"
"373",518703,"Charlie Furbush","973","38.34","0.179","0.071","0.277","0.250","0.226","0.102","0.048","15","84","75.2","4.0","2410","81.7","80.93","68","162","206","-0.8","6.58"
"1486",547874,"Hisashi Iwakuma","7395","20.09","0.276","0.217","0.277","0.494","0.338","0.243","0.191","89","322","84.0","17.6","2167","81.7","81.32","151","659","818","-0.4","6.02"
"124",430911,"David Aardsma","492","25.20","0.000","0.000","0.000","0.000","0.026","0.129","0.099","0","25","80.2","8.2","1944","81.6","79.96","29","62","60","-1.6","5.36"
"836",502190,"Mike Leake","8632","9.68","0.142","0.110","0.239","0.252","0.202","0.137","0.087","36","254","81.5","12.7","2380","81.6","79.29","191","425","407","-2.3","4.75"
"647",502706,"Derek Holland","3309","19.55","0.176","0.155","0.282","0.331","0.235","0.191","0.141","26","148","86.1","18.6","2018","81.6","79.54","131","329","313","-2.1","5.62"
"2157",527054,"Julio Teheran","9520","22.66","0.196","0.140","0.269","0.336","0.249","0.175","0.130","124","634","84.0","15.7","1983","81.6","81.02","474","1180","966","-0.6","6.01"
"759",543766,"Bryan Shaw","3449","22.01","0.201","0.196","0.237","0.397","0.264","0.175","0.134","42","209","80.6","21.8","2703","81.5","79.59","143","419","338","-1.9","5.13"
"287",457744,"Aaron Thompson","606","47.36","0.213","0.100","0.246","0.313","0.249","0.256","0.197","17","80","84.0","18.5","1923","81.5","80.11","54","157","130","-1.4","5.46"
"1100",421685,"Aaron Harang","6238","17.63","0.225","0.163","0.276","0.389","0.275","0.141","0.097","69","306","86.0","12.2","2004","81.5","81.03","202","606","488","-0.5","5.97"
"689",544928,"Tyler Lyons","2172","31.72","0.128","0.077","0.223","0.205","0.181","0.174","0.121","25","195","78.1","18.2","2237","81.4","79.54","109","299","386","-1.9","5.33"
"324",571561,"Tony Cingrani","2873","11.28","0.215","0.185","0.316","0.400","0.308","0.229","0.146","14","65","85.8","6.0","1988","81.4","82.09","47","117","204","0.7","6.34"
"101",534910,"Jesse Hahn","3423","2.95","0.353","0.059","0.500","0.412","0.338","0.112","0.119","6","17","76.6","0.6","2377","81.4","81.04","10","45","56","-0.4","5.90"
"355",445170,"Todd Redmond","1484","23.92","0.296","0.102","0.350","0.398","0.300","0.058","0.043","29","98","92.6","20.7","1984","81.4","82.02","38","174","181","0.6","5.85"
"1035",571578,"Patrick Corbin","3793","27.29","0.167","0.105","0.309","0.273","0.218","0.211","0.152","46","275","84.6","7.6","2115","81.3","81.06","242","517","513","-0.2","6.16"
"257",425532,"Jerome Williams","4101","6.27","0.221","0.091","0.333","0.312","0.231","0.083","0.081","17","77","84.1","5.0","2051","81.2","78.26","40","128","129","-2.9","5.40"
"239",493137,"Daisuke Matsuzaka","1446","16.53","0.225","0.211","0.333","0.437","0.321","0.071","0.000","16","71","null","null","null","81.2","null","29","101","137","null","null"
"141",664641,"Ariel Miranda","908","15.53","0.153","0.051","0.222","0.203","0.165","0.203","0.181","9","59","81.0","14.7","1185","81.2","79.12","20","81","60","-2.1","5.18"
"322",464416,"Yohan Pino","1291","24.94","0.196","0.103","0.239","0.299","0.219","0.068","0.050","19","97","87.6","18.8","2148","81.2","82.21","40","155","165","1.0","5.82"
"102",547007,"Rob Whalen","451","22.62","0.238","0.095","0.333","0.333","0.292","0.277","0.214","5","21","81.6","12.1","2548","81.2","80.63","13","35","65","-0.6","5.81"
"255",547749,"Junichi Tazawa","2780","9.17","0.143","0.100","0.205","0.243","0.184","0.170","0.128","10","70","80.4","10.8","2704","81.1","78.89","39","117","136","-2.2","5.12"
"670",445590,"Eric Stults","3587","18.68","0.246","0.112","0.268","0.358","0.273","0.091","0.060","44","179","86.5","14.0","1832","81.1","80.22","44","329","337","-0.9","5.10"
"107",275933,"Scott Downs","693","15.44","0.222","0.111","0.267","0.333","0.285","0.070","0.000","4","18","null","null","null","81.1","null","19","53","54","null","null"
"161",621408,"Matt Marksberry","481","33.47","0.190","0.143","0.250","0.333","0.273","0.309","0.215","8","42","88.8","12.1","1891","81.0","79.92","23","62","96","-1.1","5.75"
"775",448609,"Tony Sipp","2451","31.62","0.205","0.159","0.260","0.364","0.265","0.191","0.140","40","195","83.4","9.4","1693","81.0","79.44","136","373","399","-1.6","5.84"
"951",573109,"A.J. Ramos","3301","28.81","0.179","0.043","0.327","0.222","0.211","0.181","0.133","37","207","83.5","13.1","2599","81.0","79.58","168","386","563","-1.4","5.37"
"558",573046,"Mike Morin","2320","24.05","0.280","0.090","0.329","0.370","0.289","0.174","0.151","28","100","80.9","5.5","1970","81.0","81.00","94","249","302","0.0","6.17"
"118",462945,"Cesar Jimenez","632","18.67","0.091","0.136","0.050","0.227","0.172","0.238","0.166","2","22","89.7","7.6","1662","81.0","80.22","18","61","57","-0.8","6.23"
"179",592433,"Tyrell Jenkins","894","20.02","0.286","0.257","0.296","0.543","0.359","0.370","0.267","10","35","84.6","12.1","2116","80.8","80.39","16","77","99","-0.4","6.18"
"1469",518553,"Steve Cishek","3168","46.37","0.188","0.089","0.284","0.276","0.228","0.156","0.108","57","304","80.9","18.2","2299","80.7","80.72","201","581","882","0.0","7.11"
"2339",432934,"Chris Young","6382","36.65","0.200","0.129","0.252","0.328","0.244","0.181","0.142","118","591","83.2","18.2","2275","80.7","81.20","376","1170","1161","0.5","5.91"
"879",501925,"Joe Smith","2916","30.14","0.118","0.051","0.221","0.169","0.161","0.136","0.090","21","178","80.5","18.6","2090","80.6","80.04","102","301","572","-0.6","6.28"
"774",453311,"Tim Lincecum","4796","16.14","0.250","0.224","0.300","0.474","0.324","0.108","0.065","48","192","88.5","11.4","1987","80.6","79.70","116","364","406","-0.9","6.22"
"546",607374,"Nick Tropeano","2231","24.47","0.169","0.155","0.250","0.324","0.237","0.193","0.140","25","148","80.7","11.3","2003","80.5","78.77","128","273","270","-1.7","5.26"
"254",457435,"Phil Coke","1345","18.88","0.226","0.057","0.324","0.283","0.257","0.108","0.065","12","53","85.3","5.5","2165","80.5","81.10","31","104","149","0.6","5.80"
"218",502087,"Kevin Chapman","615","35.45","0.279","0.180","0.333","0.459","0.317","0.096","0.086","17","61","79.9","10.4","1674","80.5","78.44","28","105","113","-2.1","5.59"
"279",640455,"Sean Manaea","2169","12.86","0.107","0.107","0.154","0.213","0.149","0.225","0.180","8","75","83.8","6.9","1986","80.5","80.36","58","132","145","-0.1","6.51"
"901",506433,"Yu Darvish","3891","23.16","0.136","0.068","0.259","0.204","0.169","0.090","0.057","40","294","80.1","13.5","2587","80.5","81.09","181","456","442","0.6","5.90"
"414",449097,"Jonathan Papelbon","2491","16.62","0.172","0.066","0.230","0.238","0.195","0.189","0.163","21","122","85.4","8.5","1745","80.4","79.63","78","232","180","-0.8","6.19"
"759",592332,"Kevin Gausman","6941","10.94","0.333","0.200","0.345","0.533","0.384","0.323","0.266","45","135","86.3","7.5","2184","80.4","80.23","84","277","479","-0.2","6.10"
"721",475416,"Justin Masterson","3259","22.12","0.136","0.085","0.269","0.222","0.195","0.107","0.054","24","176","81.6","17.6","1844","80.3","78.67","114","283","431","-1.6","6.08"
"1505",282332,"CC Sabathia","6411","23.48","0.232","0.130","0.319","0.362","0.280","0.210","0.166","75","323","83.6","14.0","1943","80.3","80.06","157","554","945","-0.2","6.52"
"386",475243,"Travis Wood","5779","6.68","0.243","0.207","0.318","0.450","0.296","0.107","0.092","27","111","83.1","22.7","1731","80.3","79.40","57","205","176","-0.9","5.23"
"445",502211,"Mike Bolsinger","3094","14.38","0.219","0.112","0.301","0.331","0.254","0.243","0.200","37","169","85.0","18.8","2340","80.3","79.65","88","275","167","-0.7","5.83"
"119",592091,"A.J. Achter","965","12.33","0.148","0.111","0.190","0.259","0.172","0.115","0.112","4","27","80.9","24.9","2084","80.2","80.67","22","57","62","0.5","6.18"
"125",444935,"Nick Hagadone","809","15.45","0.098","0.000","0.235","0.098","0.088","0.070","0.074","4","41","78.5","1.6","1828","80.0","78.43","26","49","76","-1.6","5.47"
"400",457711,"Sean O'Sullivan","1730","23.12","0.265","0.167","0.280","0.431","0.291","0.260","0.223","27","102","83.8","15.9","1961","80.0","79.34","46","195","201","-0.7","6.15"
"127",430904,"Paul Maholm","1173","10.83","0.314","0.114","0.357","0.429","0.345","0.038","0.000","11","35","null","null","null","79.9","null","13","67","60","null","null"
"1166",503285,"Darren O'Day","2666","43.74","0.196","0.102","0.294","0.298","0.247","0.159","0.114","46","235","79.4","21.3","1567","79.9","80.29","178","514","646","0.4","6.37"
"151",570714,"Cesar Vargas","607","24.88","0.292","0.208","0.429","0.500","0.352","0.283","0.207","7","24","75.9","-1.8","2501","79.9","78.55","22","50","99","-1.4","5.35"
"114",433585,"Jeff Francis","712","16.01","0.240","0.240","0.294","0.480","0.331","0.256","0.170","6","25","92.4","3.8","1762","79.8","80.07","15","52","62","0.3","6.87"
"141",499107,"Francisley Bueno","482","29.25","0.194","0.083","0.292","0.278","0.206","0.018","0.000","7","36","null","null","null","79.8","null","21","62","79","null","null"
"428",571760,"Andrew Heaney","2213","19.34","0.160","0.056","0.303","0.216","0.211","0.166","0.112","20","125","85.7","4.5","2225","79.8","78.30","103","229","192","-1.5","5.31"
"976",424144,"Oliver Perez","2455","39.76","0.157","0.101","0.276","0.258","0.221","0.158","0.102","34","217","79.3","19.9","1984","79.7","78.49","181","384","573","-1.2","5.50"
"281",641490,"Kyle Crockett","1060","26.51","0.174","0.029","0.231","0.203","0.203","0.160","0.123","12","69","84.8","2.5","1814","79.6","79.83","30","130","149","0.2","6.38"
"113",502260,"Vinnie Pestano","571","19.79","0.435","0.348","0.615","0.783","0.517","0.138","0.137","10","23","88.6","11.8","2248","79.6","78.51","13","42","71","-1.1","6.16"
"165",346847,"Joe Beimel","1323","12.47","0.192","0.192","0.206","0.385","0.252","0.166","0.135","10","52","82.4","20.0","1807","79.5","78.40","27","81","83","-1.1","5.68"
"308",465657,"Joakim Soria","3041","10.13","0.232","0.246","0.255","0.478","0.326","0.280","0.205","16","69","85.7","21.1","2335","79.5","79.55","44","137","171","0.1","6.17"
"2001",519242,"Chris Sale","9508","21.05","0.171","0.078","0.338","0.249","0.212","0.161","0.121","88","514","82.6","11.2","2231","79.5","77.66","315","853","1127","-1.8","5.56"
"2006",572971,"Dallas Keuchel","9184","21.84","0.155","0.081","0.265","0.236","0.186","0.138","0.107","75","484","81.8","8.7","2114","79.5","77.94","380","911","1084","-1.6","5.68"
"314",452733,"Tom Gorzelanny","1120","28.04","0.270","0.135","0.447","0.405","0.337","0.218","0.133","20","74","90.3","21.2","2082","79.4","78.50","61","127","184","-0.9","5.66"
"313",594951,"Ryan O'Rourke","794","39.42","0.125","0.125","0.167","0.250","0.199","0.218","0.144","9","72","80.1","29.4","1934","79.4","78.32","70","150","161","-1.1","5.56"
"416",502327,"Hector Santiago","8611","4.83","0.234","0.121","0.297","0.355","0.282","0.307","0.256","25","107","84.7","19.2","1959","79.4","77.19","46","196","217","-2.2","4.96"
"342",543219,"Sean Gilmartin","1176","29.08","0.152","0.063","0.234","0.215","0.179","0.173","0.137","12","79","82.4","18.3","2109","79.0","77.29","53","150","192","-1.7","5.40"
"383",608665,"Kendall Graveman","4792","7.99","0.180","0.150","0.246","0.330","0.242","0.225","0.171","18","100","82.3","17.4","2183","79.0","78.78","49","169","213","-0.2","6.15"
"121",429783,"Rafael Betancourt","703","17.21","0.333","0.125","0.364","0.458","0.344","0.297","0.272","8","24","88.7","14.8","2210","78.9","78.53","14","55","66","-0.4","5.94"
"283",571901,"Aaron Loup","2068","13.68","0.203","0.174","0.286","0.377","0.266","0.191","0.158","14","69","82.9","6.8","2329","78.9","78.08","30","103","177","-0.8","5.72"
"291",425657,"Javier Lopez","1591","18.29","0.131","0.098","0.159","0.230","0.184","0.142","0.101","8","61","80.8","11.8","1879","78.8","78.32","37","133","155","-0.5","6.38"
"294",493247,"Peter Moylan","826","35.59","0.187","0.093","0.277","0.280","0.213","0.210","0.170","14","75","82.8","14.5","2246","78.8","76.96","55","144","148","-1.8","5.14"
"281",544150,"Albert Suarez","1373","20.47","0.278","0.278","0.302","0.556","0.350","0.294","0.248","20","72","85.3","11.3","2161","78.6","78.43","49","139","141","-0.2","6.04"
"411",446321,"Ross Detwiler","3039","13.52","0.313","0.188","0.380","0.500","0.341","0.231","0.208","30","96","86.2","10.0","2078","78.6","76.40","30","162","249","-2.2","5.00"
"244",573204,"Caleb Thielbar","894","27.29","0.200","0.140","0.286","0.340","0.251","0.057","0.017","10","50","71.5","1.4","1958","78.6","77.99","25","93","150","-0.6","5.74"
"464",452718,"Kyle Kendrick","5324","8.72","0.274","0.230","0.313","0.504","0.333","0.125","0.103","31","113","86.3","5.0","2431","78.4","77.61","39","182","279","-0.8","5.25"
"1261",489265,"Sergio Romo","2216","56.90","0.193","0.134","0.282","0.326","0.235","0.131","0.106","62","322","79.2","16.3","2687","78.0","76.84","269","640","612","-1.2","6.05"
"185",491159,"Joe Thatcher","945","19.58","0.286","0.143","0.343","0.429","0.318","0.090","0.071","14","49","77.7","11.3","2517","78.0","75.44","29","110","74","-2.6","5.61"
"1087",450308,"Jered Weaver","8641","12.58","0.272","0.205","0.297","0.477","0.331","0.227","0.181","77","283","84.4","20.4","2212","77.7","76.17","104","502","581","-1.5","6.05"
"162",592677,"C.J. Riefenhauser","352","46.02","0.250","0.156","0.292","0.406","0.308","0.252","0.185","8","32","81.7","15.6","1914","77.7","76.56","19","71","89","-1.1","5.84"
"106",643354,"Donnie Hart","271","39.11","0.050","0.000","0.083","0.050","0.120","0.143","0.071","1","20","76.1","30.0","2438","77.4","76.77","20","51","55","-0.6","5.99"
"1643",592767,"Drew Smyly","6622","24.81","0.205","0.146","0.288","0.351","0.258","0.135","0.093","83","405","83.5","13.9","1780","77.1","74.48","249","735","903","-2.6","5.05"
"400",518790,"Chris Heston","3005","13.31","0.246","0.263","0.278","0.509","0.369","0.298","0.197","14","57","81.2","23.3","2110","77.0","76.22","76","151","244","-0.8","5.88"
"262",276520,"Bronson Arroyo","1253","20.91","0.263","0.175","0.309","0.438","0.314","0.025","0.000","21","80","null","null","null","75.8","null","34","122","137","null","null"
"335",329092,"Randy Choate","995","33.67","0.132","0.015","0.250","0.147","0.182","0.129","0.067","9","68","75.2","24.3","1962","74.9","73.15","69","146","183","-1.8","5.21"
"440",519381,"Pat Venditte","893","49.27","0.190","0.181","0.211","0.371","0.269","0.237","0.164","20","105","79.2","24.8","2655","73.2","72.30","67","224","215","-0.9","5.87"